type,alpha,beta,gamma,disease
VIKARAH,DOSHAVAISHAMYAM,VATAVYADHIH,DOSHAVASTHA (VATA),VATASANCAYAH
VIKARAH,DOSHAVAISHAMYAM,VATAVYADHIH,DOSHAVASTHA (VATA),VATAVRUDDHIH
VIKARAH,DOSHAVAISHAMYAM,VATAVYADHIH,DOSHAVASTHA (VATA),VATAPRAKOPAH
VIKARAH,DOSHAVAISHAMYAM,VATAVYADHIH,DOSHAVASTHA (VATA),PRANAVATAKOPAH
VIKARAH,DOSHAVAISHAMYAM,VATAVYADHIH,DOSHAVASTHA (VATA),UDANAVATAKOPAH
VIKARAH,DOSHAVAISHAMYAM,VATAVYADHIH,DOSHAVASTHA (VATA),VYANAVATAKOPAH
VIKARAH,DOSHAVAISHAMYAM,VATAVYADHIH,DOSHAVASTHA (VATA),SAMANAVATAKOPAH
VIKARAH,DOSHAVAISHAMYAM,VATAVYADHIH,DOSHAVASTHA (VATA),APANAVATAKOPAH
VIKARAH,DOSHAVAISHAMYAM,VATAVYADHIH,DOSHAVASTHA (VATA),VATAPRASARANAM
VIKARAH,DOSHAVAISHAMYAM,VATAVYADHIH,DOSHAVASTHA (VATA),VATAKSHAYAH
VIKARAH,DOSHAVAISHAMYAM,VATAVYADHIH,NANATMAJAVATAVIKARAH,ATIPRALAPAH (KEVALAVATA)
VIKARAH,DOSHAVAISHAMYAM,VATAVYADHIH,NANATMAJAVATAVIKARAH,ANAVASTHITACITTATVAM (KEVALAVATA)
VIKARAH,DOSHAVAISHAMYAM,VATAVYADHIH,NANATMAJAVATAVIKARAH,ANGAMARDAH (KEVALAVATA)
VIKARAH,DOSHAVAISHAMYAM,VATAVYADHIH,NANATMAJAVATAVIKARAH,ANGASUSHKATA (KEVALAVATA)
VIKARAH,DOSHAVAISHAMYAM,VATAVYADHIH,NANATMAJAVATAVIKARAH,ANGAVIBRAMSAH (KEVALAVATA)
VIKARAH,DOSHAVAISHAMYAM,VATAVYADHIH,NANATMAJAVATAVIKARAH,ARDITAH (KEVALAVATA)
VIKARAH,DOSHAVAISHAMYAM,VATAVYADHIH,NANATMAJAVATAVIKARAH,ARASAJNATA (KEVALAVATA)
VIKARAH,DOSHAVAISHAMYAM,VATAVYADHIH,NANATMAJAVATAVIKARAH,ASABDASRAVANAM (KEVALAVATA)
VIKARAH,DOSHAVAISHAMYAM,VATAVYADHIH,NANATMAJAVATAVIKARAH,ASVAPNAH (KEVALAVATA)
VIKARAH,DOSHAVAISHAMYAM,VATAVYADHIH,NANATMAJAVATAVIKARAH,AKSHIBEDAH (KEVALAVATA)
VIKARAH,DOSHAVAISHAMYAM,VATAVYADHIH,NANATMAJAVATAVIKARAH,AKSHIVYUDASAH (KEVALAVATA)
VIKARAH,DOSHAVAISHAMYAM,VATAVYADHIH,NANATMAJAVATAVIKARAH,AKSHISULAH (KEVALAVATA)
VIKARAH,DOSHAVAISHAMYAM,VATAVYADHIH,NANATMAJAVATAVIKARAH,ATOPAH (KEVALAVATA)
VIKARAH,DOSHAVAISHAMYAM,VATAVYADHIH,NANATMAJAVATAVIKARAH,AKSHEPAKAH (KEVALAVATA)
VIKARAH,DOSHAVAISHAMYAM,VATAVYADHIH,NANATMAJAVATAVIKARAH,UCCAIHSRUTIH (KEVALAVATA)
VIKARAH,DOSHAVAISHAMYAM,VATAVYADHIH,NANATMAJAVATAVIKARAH,UDARAVESHTAH (KEVALAVATA)
VIKARAH,DOSHAVAISHAMYAM,VATAVYADHIH,NANATMAJAVATAVIKARAH,UDAVARTAH (KEVALAVATA)
VIKARAH,DOSHAVAISHAMYAM,VATAVYADHIH,NANATMAJAVATAVIKARAH,URUSTAMBAH/ADHYAVATAH (KEVALAVATA)
VIKARAH,DOSHAVAISHAMYAM,VATAVYADHIH,NANATMAJAVATAVIKARAH,URUSADAH (KEVALAVATA)
VIKARAH,DOSHAVAISHAMYAM,VATAVYADHIH,NANATMAJAVATAVIKARAH,EKANGAROGAH (KEVALAVATA)
VIKARAH,DOSHAVAISHAMYAM,VATAVYADHIH,NANATMAJAVATAVIKARAH,OSHTHABEDAH (KEVALAVATA)
VIKARAH,DOSHAVAISHAMYAM,VATAVYADHIH,NANATMAJAVATAVIKARAH,KANTHODHVAMSAH (KEVALAVATA)
VIKARAH,DOSHAVAISHAMYAM,VATAVYADHIH,NANATMAJAVATAVIKARAH,KARNASULAH (KEVALAVATA)
VIKARAH,DOSHAVAISHAMYAM,VATAVYADHIH,NANATMAJAVATAVIKARAH,KAMPAH/VEPATHUH (KEVALAVATA)
VIKARAH,DOSHAVAISHAMYAM,VATAVYADHIH,NANATMAJAVATAVIKARAH,KASHAYASYATA (KEVALAVATA)
VIKARAH,DOSHAVAISHAMYAM,VATAVYADHIH,NANATMAJAVATAVIKARAH,KLAMAH (KEVALAVATA)
VIKARAH,DOSHAVAISHAMYAM,VATAVYADHIH,NANATMAJAVATAVIKARAH,KARSHNYAM (KEVALAVATA)
VIKARAH,DOSHAVAISHAMYAM,VATAVYADHIH,NANATMAJAVATAVIKARAH,KUBJATVAM (KEVALAVATA)
VIKARAH,DOSHAVAISHAMYAM,VATAVYADHIH,NANATMAJAVATAVIKARAH,KARSYAM (KEVALAVATA)
VIKARAH,DOSHAVAISHAMYAM,VATAVYADHIH,NANATMAJAVATAVIKARAH,KESABUMISPUTANAM (KEVALAVATA)
VIKARAH,DOSHAVAISHAMYAM,VATAVYADHIH,NANATMAJAVATAVIKARAH,KHANJAH/KHANJATVAM (KEVALAVATA)
VIKARAH,DOSHAVAISHAMYAM,VATAVYADHIH,NANATMAJAVATAVIKARAH,GARBANASAH (KEVALAVATA)
VIKARAH,DOSHAVAISHAMYAM,VATAVYADHIH,NANATMAJAVATAVIKARAH,GRIVASTAMBAH/GRIVAHUNDANAM (KEVALAVATA)
VIKARAH,DOSHAVAISHAMYAM,VATAVYADHIH,NANATMAJAVATAVIKARAH,GUDABRAMSAH (KEVALAVATA)
VIKARAH,DOSHAVAISHAMYAM,VATAVYADHIH,NANATMAJAVATAVIKARAH,GUDARTIH (KEVALAVATA)
VIKARAH,DOSHAVAISHAMYAM,VATAVYADHIH,NANATMAJAVATAVIKARAH,GULPA-GRAHAH (KEVALAVATA)
VIKARAH,DOSHAVAISHAMYAM,VATAVYADHIH,NANATMAJAVATAVIKARAH,GRUDHRASI (KEVALAVATA)
VIKARAH,DOSHAVAISHAMYAM,VATAVYADHIH,NANATMAJAVATAVIKARAH,GHRANANASAH/NASAHUNDANAM (KEVALAVATA)
VIKARAH,DOSHAVAISHAMYAM,VATAVYADHIH,NANATMAJAVATAVIKARAH,JANUBEDAH (KEVALAVATA)
VIKARAH,DOSHAVAISHAMYAM,VATAVYADHIH,NANATMAJAVATAVIKARAH,JANUVISLESHAH (KEVALAVATA)
VIKARAH,DOSHAVAISHAMYAM,VATAVYADHIH,NANATMAJAVATAVIKARAH,JRUMBA (KEVALAVATA)
VIKARAH,DOSHAVAISHAMYAM,VATAVYADHIH,NANATMAJAVATAVIKARAH,TAMAH (KEVALAVATA)
VIKARAH,DOSHAVAISHAMYAM,VATAVYADHIH,NANATMAJAVATAVIKARAH,TIMIRAH (KEVALAVATA)
VIKARAH,DOSHAVAISHAMYAM,VATAVYADHIH,NANATMAJAVATAVIKARAH,TVAKSUNYATA (KEVALAVATA)
VIKARAH,DOSHAVAISHAMYAM,VATAVYADHIH,NANATMAJAVATAVIKARAH,TODAH (KEVALAVATA)
VIKARAH,DOSHAVAISHAMYAM,VATAVYADHIH,NANATMAJAVATAVIKARAH,DANDAKAH (KEVALAVATA)
VIKARAH,DOSHAVAISHAMYAM,VATAVYADHIH,NANATMAJAVATAVIKARAH,DANTABEDAH (KEVALAVATA)
VIKARAH,DOSHAVAISHAMYAM,VATAVYADHIH,NANATMAJAVATAVIKARAH,DANTASAITHILYAM (KEVALAVATA)
VIKARAH,DOSHAVAISHAMYAM,VATAVYADHIH,NANATMAJAVATAVIKARAH,NAKHABEDAH (KEVALAVATA)
VIKARAH,DOSHAVAISHAMYAM,VATAVYADHIH,NANATMAJAVATAVIKARAH,HRASVAKESAH (KEVALAVATA)
VIKARAH,DOSHAVAISHAMYAM,VATAVYADHIH,NANATMAJAVATAVIKARAH,NIRAMAVATAH
VIKARAH,DOSHAVAISHAMYAM,VATAVYADHIH,NANATMAJAVATAVIKARAH,PAKSHAGHATAH/PAKSHAVADHAH (KEVALAVATA)
VIKARAH,DOSHAVAISHAMYAM,VATAVYADHIH,NANATMAJAVATAVIKARAH,PANGULYAM (KEVALAVATA)
VIKARAH,DOSHAVAISHAMYAM,VATAVYADHIH,NANATMAJAVATAVIKARAH,PADABRAMSAH (KEVALAVATA)
VIKARAH,DOSHAVAISHAMYAM,VATAVYADHIH,NANATMAJAVATAVIKARAH,PADASULAH (KEVALAVATA)
VIKARAH,DOSHAVAISHAMYAM,VATAVYADHIH,NANATMAJAVATAVIKARAH,PADASUPTATA (KEVALAVATA)
VIKARAH,DOSHAVAISHAMYAM,VATAVYADHIH,NANATMAJAVATAVIKARAH,PARUSHYAM (KEVALAVATA)
VIKARAH,DOSHAVAISHAMYAM,VATAVYADHIH,NANATMAJAVATAVIKARAH,PARSVAVAMARDAH (KEVALAVATA)
VIKARAH,DOSHAVAISHAMYAM,VATAVYADHIH,NANATMAJAVATAVIKARAH,PINDIKODVESHTANAM (KEVALAVATA)
VIKARAH,DOSHAVAISHAMYAM,VATAVYADHIH,NANATMAJAVATAVIKARAH,PURISHATIGADHATVAM (KEVALAVATA)
VIKARAH,DOSHAVAISHAMYAM,VATAVYADHIH,NANATMAJAVATAVIKARAH,PRUSHTHA-GRAHAH (KEVALAVATA)
VIKARAH,DOSHAVAISHAMYAM,VATAVYADHIH,NANATMAJAVATAVIKARAH,PRALAPAKAH (KEVALAVATA)
VIKARAH,DOSHAVAISHAMYAM,VATAVYADHIH,NANATMAJAVATAVIKARAH,BADHIRYAM (KEVALAVATA)
VIKARAH,DOSHAVAISHAMYAM,VATAVYADHIH,NANATMAJAVATAVIKARAH,BAHUSOSHAH (KEVALAVATA)
VIKARAH,DOSHAVAISHAMYAM,VATAVYADHIH,NANATMAJAVATAVIKARAH,BALAHANIH (KEVALAVATA)
VIKARAH,DOSHAVAISHAMYAM,VATAVYADHIH,NANATMAJAVATAVIKARAH,BEDAH (KEVALAVATA)
VIKARAH,DOSHAVAISHAMYAM,VATAVYADHIH,NANATMAJAVATAVIKARAH,BIRUTA (KEVALAVATA)
VIKARAH,DOSHAVAISHAMYAM,VATAVYADHIH,NANATMAJAVATAVIKARAH,MALA-APRAVRUTIH (KEVALAVATA)
VIKARAH,DOSHAVAISHAMYAM,VATAVYADHIH,NANATMAJAVATAVIKARAH,MUKATVAM (KEVALAVATA)
VIKARAH,DOSHAVAISHAMYAM,VATAVYADHIH,NANATMAJAVATAVIKARAH,MOHAH (KEVALAVATA)
VIKARAH,DOSHAVAISHAMYAM,VATAVYADHIH,NANATMAJAVATAVIKARAH,BRAMAH (KEVALAVATA)
VIKARAH,DOSHAVAISHAMYAM,VATAVYADHIH,NANATMAJAVATAVIKARAH,BRUVYUDASAH (KEVALAVATA)
VIKARAH,DOSHAVAISHAMYAM,VATAVYADHIH,NANATMAJAVATAVIKARAH,MANYASTAMBAH (KEVALAVATA)
VIKARAH,DOSHAVAISHAMYAM,VATAVYADHIH,NANATMAJAVATAVIKARAH,MUKHASOSHAH (KEVALAVATA)
VIKARAH,DOSHAVAISHAMYAM,VATAVYADHIH,NANATMAJAVATAVIKARAH,MUTRANIGRAHAH (KEVALAVATA)
VIKARAH,DOSHAVAISHAMYAM,VATAVYADHIH,NANATMAJAVATAVIKARAH,RAJONASAH (KEVALAVATA)
VIKARAH,DOSHAVAISHAMYAM,VATAVYADHIH,NANATMAJAVATAVIKARAH,RAUKSHYAM (KEVALAVATA)
VIKARAH,DOSHAVAISHAMYAM,VATAVYADHIH,NANATMAJAVATAVIKARAH,LOMAHARSHAH (KEVALAVATA)
VIKARAH,DOSHAVAISHAMYAM,VATAVYADHIH,NANATMAJAVATAVIKARAH,LALATABEDAH (KEVALAVATA)
VIKARAH,DOSHAVAISHAMYAM,VATAVYADHIH,NANATMAJAVATAVIKARAH,TRIKAGRAHAH (KEVALAVATA)
VIKARAH,DOSHAVAISHAMYAM,VATAVYADHIH,NANATMAJAVATAVIKARAH,VARTMASTAMBAH (KEVALAVATA)
VIKARAH,DOSHAVAISHAMYAM,VATAVYADHIH,NANATMAJAVATAVIKARAH,VARTMASANKOCAH (KEVALAVATA)
VIKARAH,DOSHAVAISHAMYAM,VATAVYADHIH,NANATMAJAVATAVIKARAH,VAKSHOPARODHAH (KEVALAVATA)
VIKARAH,DOSHAVAISHAMYAM,VATAVYADHIH,NANATMAJAVATAVIKARAH,VAKSHASTODAH (KEVALAVATA)
VIKARAH,DOSHAVAISHAMYAM,VATAVYADHIH,NANATMAJAVATAVIKARAH,VAK-SANGAH (KEVALAVATA)
VIKARAH,DOSHAVAISHAMYAM,VATAVYADHIH,NANATMAJAVATAVIKARAH,VACALATA (KEVALAVATA)
VIKARAH,DOSHAVAISHAMYAM,VATAVYADHIH,NANATMAJAVATAVIKARAH,VATAKHUDDATA/VATAKANTAKAH (KEVALAVATA)
VIKARAH,DOSHAVAISHAMYAM,VATAVYADHIH,NANATMAJAVATAVIKARAH,VAMANATVAM (KEVALAVATA)
VIKARAH,DOSHAVAISHAMYAM,VATAVYADHIH,NANATMAJAVATAVIKARAH,VID-BEDAH (KEVALAVATA)
VIKARAH,DOSHAVAISHAMYAM,VATAVYADHIH,NANATMAJAVATAVIKARAH,VIPADIKA (NANATMAJA) (KEVALAVATA)
VIKARAH,DOSHAVAISHAMYAM,VATAVYADHIH,NANATMAJAVATAVIKARAH,VISHADAH/DINATA (KEVALAVATA)
VIKARAH,DOSHAVAISHAMYAM,VATAVYADHIH,NANATMAJAVATAVIKARAH,VRUSHANAKSHEPAH (KEVALAVATA)
VIKARAH,DOSHAVAISHAMYAM,VATAVYADHIH,NANATMAJAVATAVIKARAH,VANKSHANANAHAH (KEVALAVATA)
VIKARAH,DOSHAVAISHAMYAM,VATAVYADHIH,NANATMAJAVATAVIKARAH,VYATHA (KEVALAVATA)
VIKARAH,DOSHAVAISHAMYAM,VATAVYADHIH,NANATMAJAVATAVIKARAH,SIRASPURTIH (KEVALAVATA)
VIKARAH,DOSHAVAISHAMYAM,VATAVYADHIH,NANATMAJAVATAVIKARAH,SIRORUK (KEVALAVATA)
VIKARAH,DOSHAVAISHAMYAM,VATAVYADHIH,NANATMAJAVATAVIKARAH,SUKRAKSHAYAH (KEVALAVATA)
VIKARAH,DOSHAVAISHAMYAM,VATAVYADHIH,NANATMAJAVATAVIKARAH,SANKHABEDAH (KEVALAVATA)
VIKARAH,DOSHAVAISHAMYAM,VATAVYADHIH,NANATMAJAVATAVIKARAH,SEPASTAMBAH (KEVALAVATA)
VIKARAH,DOSHAVAISHAMYAM,VATAVYADHIH,NANATMAJAVATAVIKARAH,SAITYAM (KEVALAVATA)
VIKARAH,DOSHAVAISHAMYAM,VATAVYADHIH,NANATMAJAVATAVIKARAH,SYAVARUNASYATA (KEVALAVATA)
VIKARAH,DOSHAVAISHAMYAM,VATAVYADHIH,NANATMAJAVATAVIKARAH,SRONIBEDAH (KEVALAVATA)
VIKARAH,DOSHAVAISHAMYAM,VATAVYADHIH,NANATMAJAVATAVIKARAH,SANKOCAH (KEVALAVATA)
VIKARAH,DOSHAVAISHAMYAM,VATAVYADHIH,NANATMAJAVATAVIKARAH,SVEDANASAH (KEVALAVATA)
VIKARAH,DOSHAVAISHAMYAM,VATAVYADHIH,NANATMAJAVATAVIKARAH,SRAMAH (KEVALAVATA)
VIKARAH,DOSHAVAISHAMYAM,VATAVYADHIH,NANATMAJAVATAVIKARAH,SARVANGAROGAH/SARVANGAVATAH (KEVALAVATA)
VIKARAH,DOSHAVAISHAMYAM,VATAVYADHIH,NANATMAJAVATAVIKARAH,STAMBAH (KEVALAVATA)
VIKARAH,DOSHAVAISHAMYAM,VATAVYADHIH,NANATMAJAVATAVIKARAH,HANUBEDAH (KEVALAVATA)
VIKARAH,DOSHAVAISHAMYAM,VATAVYADHIH,NANATMAJAVATAVIKARAH,HIKKA (KEVALAVATA)
VIKARAH,DOSHAVAISHAMYAM,VATAVYADHIH,NANATMAJAVATAVIKARAH,HRUDDRAVAH (KEVALAVATA)
VIKARAH,DOSHAVAISHAMYAM,VATAVYADHIH,NANATMAJAVATAVIKARAH,HRUNMOHAH (KEVALAVATA)
VIKARAH,DOSHAVAISHAMYAM,VATAVYADHIH,SAMANYAJAVATAVIKARAH,ANTARAYAMAH
VIKARAH,DOSHAVAISHAMYAM,VATAVYADHIH,SAMANYAJAVATAVIKARAH,APATANTRAKAH
VIKARAH,DOSHAVAISHAMYAM,VATAVYADHIH,SAMANYAJAVATAVIKARAH,ASADHYA-APATANTRAKAH
VIKARAH,DOSHAVAISHAMYAM,VATAVYADHIH,SAMANYAJAVATAVIKARAH,APATANAKAH
VIKARAH,DOSHAVAISHAMYAM,VATAVYADHIH,SAMANYAJAVATAVIKARAH,ARDITAH
VIKARAH,DOSHAVAISHAMYAM,VATAVYADHIH,SAMANYAJAVATAVIKARAH,ARDITA-PURVARUPAM
VIKARAH,DOSHAVAISHAMYAM,VATAVYADHIH,SAMANYAJAVATAVIKARAH,ASADHYA-ARDITAH
VIKARAH,DOSHAVAISHAMYAM,VATAVYADHIH,SAMANYAJAVATAVIKARAH,ASTHIPRABEDAH
VIKARAH,DOSHAVAISHAMYAM,VATAVYADHIH,SAMANYAJAVATAVIKARAH,ASTHISOSHAH
VIKARAH,DOSHAVAISHAMYAM,VATAVYADHIH,SAMANYAJAVATAVIKARAH,VATASHTHILA
VIKARAH,DOSHAVAISHAMYAM,VATAVYADHIH,SAMANYAJAVATAVIKARAH,AVABAHUKAH
VIKARAH,DOSHAVAISHAMYAM,VATAVYADHIH,SAMANYAJAVATAVIKARAH,URUSTAMBAH/ADHYAVATAH
VIKARAH,DOSHAVAISHAMYAM,VATAVYADHIH,SAMANYAJAVATAVIKARAH,URUSTAMBA-PURVARUPAM
VIKARAH,DOSHAVAISHAMYAM,VATAVYADHIH,SAMANYAJAVATAVIKARAH,ASADHYA-URUSTAMBAH
VIKARAH,DOSHAVAISHAMYAM,VATAVYADHIH,SAMANYAJAVATAVIKARAH,AMSASOSHAH
VIKARAH,DOSHAVAISHAMYAM,VATAVYADHIH,SAMANYAJAVATAVIKARAH,AKSHEPAKAH
VIKARAH,DOSHAVAISHAMYAM,VATAVYADHIH,SAMANYAJAVATAVIKARAH,ADHMANAM
VIKARAH,DOSHAVAISHAMYAM,VATAVYADHIH,SAMANYAJAVATAVIKARAH,PRATYADHMANAH/PRATYANAHAH
VIKARAH,DOSHAVAISHAMYAM,VATAVYADHIH,SAMANYAJAVATAVIKARAH,BAHIRAYAMAH/BAHYAYAMAH/DHANUHSTAMBAH
VIKARAH,DOSHAVAISHAMYAM,VATAVYADHIH,SAMANYAJAVATAVIKARAH,ASADHYADHANUSHKAMPA
VIKARAH,DOSHAVAISHAMYAM,VATAVYADHIH,SAMANYAJAVATAVIKARAH,URDHVAVATAH
VIKARAH,DOSHAVAISHAMYAM,VATAVYADHIH,SAMANYAJAVATAVIKARAH,EKANGAVATAH
VIKARAH,DOSHAVAISHAMYAM,VATAVYADHIH,SAMANYAJAVATAVIKARAH,KALAYAKHANJAH
VIKARAH,DOSHAVAISHAMYAM,VATAVYADHIH,SAMANYAJAVATAVIKARAH,KROSHTUKASIRSHAH
VIKARAH,DOSHAVAISHAMYAM,VATAVYADHIH,SAMANYAJAVATAVIKARAH,KHANJAH/KHANJATVAM
VIKARAH,DOSHAVAISHAMYAM,VATAVYADHIH,SAMANYAJAVATAVIKARAH,KHALLI
VIKARAH,DOSHAVAISHAMYAM,VATAVYADHIH,SAMANYAJAVATAVIKARAH,GRUDHRASI
VIKARAH,DOSHAVAISHAMYAM,VATAVYADHIH,SAMANYAJAVATAVIKARAH,VATIKAGRUDHRASI
VIKARAH,DOSHAVAISHAMYAM,VATAVYADHIH,SAMANYAJAVATAVIKARAH,VATAKAPAJA-GRUDHRASI
VIKARAH,DOSHAVAISHAMYAM,VATAVYADHIH,SAMANYAJAVATAVIKARAH,JIHVASTAMBAH
VIKARAH,DOSHAVAISHAMYAM,VATAVYADHIH,SAMANYAJAVATAVIKARAH,TUNI
VIKARAH,DOSHAVAISHAMYAM,VATAVYADHIH,SAMANYAJAVATAVIKARAH,DANDAPATANAKAH
VIKARAH,DOSHAVAISHAMYAM,VATAVYADHIH,SAMANYAJAVATAVIKARAH,PAKSHAGHATA/PAKSHAVADHAH
VIKARAH,DOSHAVAISHAMYAM,VATAVYADHIH,SAMANYAJAVATAVIKARAH,KAPANVITAPAKSHAGHATAH
VIKARAH,DOSHAVAISHAMYAM,VATAVYADHIH,SAMANYAJAVATAVIKARAH,PITTANVITAPAKSHAGHATAH
VIKARAH,DOSHAVAISHAMYAM,VATAVYADHIH,SAMANYAJAVATAVIKARAH,BALA-PAKSHAGHATAH
VIKARAH,DOSHAVAISHAMYAM,VATAVYADHIH,SAMANYAJAVATAVIKARAH,PADADAHAH
VIKARAH,DOSHAVAISHAMYAM,VATAVYADHIH,SAMANYAJAVATAVIKARAH,PADAHARSHAH
VIKARAH,DOSHAVAISHAMYAM,VATAVYADHIH,SAMANYAJAVATAVIKARAH,PRATITUNI
VIKARAH,DOSHAVAISHAMYAM,VATAVYADHIH,SAMANYAJAVATAVIKARAH,PRATYASHTHILA
VIKARAH,DOSHAVAISHAMYAM,VATAVYADHIH,SAMANYAJAVATAVIKARAH,VRANAYAMAH
VIKARAH,DOSHAVAISHAMYAM,VATAVYADHIH,SAMANYAJAVATAVIKARAH,PANGUH
VIKARAH,DOSHAVAISHAMYAM,VATAVYADHIH,SAMANYAJAVATAVIKARAH,MINMINAH
VIKARAH,DOSHAVAISHAMYAM,VATAVYADHIH,SAMANYAJAVATAVIKARAH,MANYASTAMBAH
VIKARAH,DOSHAVAISHAMYAM,VATAVYADHIH,SAMANYAJAVATAVIKARAH,MUKATVAM
VIKARAH,DOSHAVAISHAMYAM,VATAVYADHIH,SAMANYAJAVATAVIKARAH,VATAKANTAKAM
VIKARAH,DOSHAVAISHAMYAM,VATAVYADHIH,SAMANYAJAVATAVIKARAH,VISVACI
VIKARAH,DOSHAVAISHAMYAM,VATAVYADHIH,SAMANYAJAVATAVIKARAH,KAMPAH/VEPATHUH
VIKARAH,DOSHAVAISHAMYAM,VATAVYADHIH,SAMANYAJAVATAVIKARAH,SIROGRAHAH
VIKARAH,DOSHAVAISHAMYAM,VATAVYADHIH,SAMANYAJAVATAVIKARAH,SARVANGAVATAH/SARVANGAROGAH
VIKARAH,DOSHAVAISHAMYAM,VATAVYADHIH,SAMANYAJAVATAVIKARAH,SIRAGRAHAH
VIKARAH,DOSHAVAISHAMYAM,VATAVYADHIH,SAMANYAJAVATAVIKARAH,HANUGRAHAH/HANUSRAMSA
VIKARAH,DOSHAVAISHAMYAM,VATAVYADHIH,AVRUTA-VATAH/AVARANAVATA,ANYONYAVARANAH/PARASPARA-AVARANAH
VIKARAH,DOSHAVAISHAMYAM,VATAVYADHIH,AVRUTA-VATAH/AVARANAVATA,PRANAVRUTAVYANAVATAH
VIKARAH,DOSHAVAISHAMYAM,VATAVYADHIH,AVRUTA-VATAH/AVARANAVATA,VYANAVRUTAPRANAVATAH
VIKARAH,DOSHAVAISHAMYAM,VATAVYADHIH,AVRUTA-VATAH/AVARANAVATA,PRANAVRUTASAMANAVATAH
VIKARAH,DOSHAVAISHAMYAM,VATAVYADHIH,AVRUTA-VATAH/AVARANAVATA,SAMANAVRUTA-APANAVATAH
VIKARAH,DOSHAVAISHAMYAM,VATAVYADHIH,AVRUTA-VATAH/AVARANAVATA,PRANAVRUTA-UDANAVATAH
VIKARAH,DOSHAVAISHAMYAM,VATAVYADHIH,AVRUTA-VATAH/AVARANAVATA,UDANAVRUTAPRANAVATAH
VIKARAH,DOSHAVAISHAMYAM,VATAVYADHIH,AVRUTA-VATAH/AVARANAVATA,UDANAVRUTA-APANAVATAH
VIKARAH,DOSHAVAISHAMYAM,VATAVYADHIH,AVRUTA-VATAH/AVARANAVATA,APANAVRUTA-UDANAVATAH
VIKARAH,DOSHAVAISHAMYAM,VATAVYADHIH,AVRUTA-VATAH/AVARANAVATA,VYANAVRUTA-APANAVATAH
VIKARAH,DOSHAVAISHAMYAM,VATAVYADHIH,AVRUTA-VATAH/AVARANAVATA,APANAVRUTA-VYANAVATAH
VIKARAH,DOSHAVAISHAMYAM,VATAVYADHIH,AVRUTA-VATAH/AVARANAVATA,SAMANAVRUTA-VYANAVATAH
VIKARAH,DOSHAVAISHAMYAM,VATAVYADHIH,AVRUTA-VATAH/AVARANAVATA,UDANAVRUTAVYANAVATAH
VIKARAH,DOSHAVAISHAMYAM,VATAVYADHIH,AVRUTA-VATAH/AVARANAVATA,APANAVRUTASAMANAVATAH
VIKARAH,DOSHAVAISHAMYAM,VATAVYADHIH,AVRUTA-VATAH/AVARANAVATA,APANAVRUTA-PRANAVATAH
VIKARAH,DOSHAVAISHAMYAM,VATAVYADHIH,AVRUTA-VATAH/AVARANAVATA,PRANAVRUTA-APANAVATAH
VIKARAH,DOSHAVAISHAMYAM,VATAVYADHIH,AVRUTA-VATAH/AVARANAVATA,SAMANAVRUTAPRANAVATAH
VIKARAH,DOSHAVAISHAMYAM,VATAVYADHIH,AVRUTA-VATAH/AVARANAVATA,SAMANAVRUTA-UDANAVATAH
VIKARAH,DOSHAVAISHAMYAM,VATAVYADHIH,AVRUTA-VATAH/AVARANAVATA,UDANAVRUTASAMANAVATAH
VIKARAH,DOSHAVAISHAMYAM,VATAVYADHIH,AVRUTA-VATAH/AVARANAVATA,VYANAVRUTA-UDANAVATAH
VIKARAH,DOSHAVAISHAMYAM,VATAVYADHIH,AVRUTA-VATAH/AVARANAVATA,VYANAVRUTASAMANAVATAH
VIKARAH,DOSHAVAISHAMYAM,VATAVYADHIH,AVRUTA-VATAH/AVARANAVATA,DOSHAVRUTA-VATAH
VIKARAH,DOSHAVAISHAMYAM,VATAVYADHIH,AVRUTA-VATAH/AVARANAVATA,PITTAVRUTAVATAH
VIKARAH,DOSHAVAISHAMYAM,VATAVYADHIH,AVRUTA-VATAH/AVARANAVATA,KAPAVRUTAVATAH
VIKARAH,DOSHAVAISHAMYAM,VATAVYADHIH,AVRUTA-VATAH/AVARANAVATA,PITTAVRUTAPRANAVATAH
VIKARAH,DOSHAVAISHAMYAM,VATAVYADHIH,AVRUTA-VATAH/AVARANAVATA,KAPAVRUTAPRANAVATAH
VIKARAH,DOSHAVAISHAMYAM,VATAVYADHIH,AVRUTA-VATAH/AVARANAVATA,PITTAVRUTA-UDANAVATAH
VIKARAH,DOSHAVAISHAMYAM,VATAVYADHIH,AVRUTA-VATAH/AVARANAVATA,KAPAVRUTA-UDANAVATAH
VIKARAH,DOSHAVAISHAMYAM,VATAVYADHIH,AVRUTA-VATAH/AVARANAVATA,PITTAVRUTA-SAMANAVATAH
VIKARAH,DOSHAVAISHAMYAM,VATAVYADHIH,AVRUTA-VATAH/AVARANAVATA,KAPAVRUTASAMANAVATAH
VIKARAH,DOSHAVAISHAMYAM,VATAVYADHIH,AVRUTA-VATAH/AVARANAVATA,PITTAVRUTAVYANAVATAH
VIKARAH,DOSHAVAISHAMYAM,VATAVYADHIH,AVRUTA-VATAH/AVARANAVATA,KAPAVRUTAVYANAVATAH
VIKARAH,DOSHAVAISHAMYAM,VATAVYADHIH,AVRUTA-VATAH/AVARANAVATA,PITTAVRUTA-APANAVATAH
VIKARAH,DOSHAVAISHAMYAM,VATAVYADHIH,AVRUTA-VATAH/AVARANAVATA,KAPAVRUTA-APANAVATAH
VIKARAH,DOSHAVAISHAMYAM,VATAVYADHIH,AVRUTA-VATAH/AVARANAVATA,KAPAPITTAVRUTAVATAH
VIKARAH,DOSHAVAISHAMYAM,VATAVYADHIH,AVRUTA-VATAH/AVARANAVATA,DHATVAVRUTAVATAH
VIKARAH,DOSHAVAISHAMYAM,VATAVYADHIH,AVRUTA-VATAH/AVARANAVATA,RAKTAVRUTAVATAH
VIKARAH,DOSHAVAISHAMYAM,VATAVYADHIH,AVRUTA-VATAH/AVARANAVATA,MAMSAVRUTAVATAH
VIKARAH,DOSHAVAISHAMYAM,VATAVYADHIH,AVRUTA-VATAH/AVARANAVATA,MEDASAVRUTAVATAH
VIKARAH,DOSHAVAISHAMYAM,VATAVYADHIH,AVRUTA-VATAH/AVARANAVATA,ASTHYAVRUTAVATAH
VIKARAH,DOSHAVAISHAMYAM,VATAVYADHIH,AVRUTA-VATAH/AVARANAVATA,MAJJAVRUTAVATAH
VIKARAH,DOSHAVAISHAMYAM,VATAVYADHIH,AVRUTA-VATAH/AVARANAVATA,SUKRAVRUTAVATAH
VIKARAH,DOSHAVAISHAMYAM,VATAVYADHIH,AVRUTA-VATAH/AVARANAVATA,SARVADHATVAVRUTAVATAH
VIKARAH,DOSHAVAISHAMYAM,VATAVYADHIH,AVRUTA-VATAH/AVARANAVATA,MALAVRUTAVATAH
VIKARAH,DOSHAVAISHAMYAM,VATAVYADHIH,AVRUTA-VATAH/AVARANAVATA,MUTRAVRUTAVATAH
VIKARAH,DOSHAVAISHAMYAM,VATAVYADHIH,AVRUTA-VATAH/AVARANAVATA,VARCASAVRUTAVATAH
VIKARAH,DOSHAVAISHAMYAM,VATAVYADHIH,AVRUTA-VATAH/AVARANAVATA,ANNAVRUTAVATAH
VIKARAH,DOSHAVAISHAMYAM,VATAVYADHIH,STHANAVISESHA-KUPITAVATAH,KOSHTHASRITAVATAKOPAH
VIKARAH,DOSHAVAISHAMYAM,VATAVYADHIH,STHANAVISESHA-KUPITAVATAH,SARVANGAKUPITAVATAH
VIKARAH,DOSHAVAISHAMYAM,VATAVYADHIH,STHANAVISESHA-KUPITAVATAH,GUDASTHITAVATAH
VIKARAH,DOSHAVAISHAMYAM,VATAVYADHIH,STHANAVISESHA-KUPITAVATAH,AMASAYAGATAVATAH
VIKARAH,DOSHAVAISHAMYAM,VATAVYADHIH,STHANAVISESHA-KUPITAVATAH,PAKVASAYAGATAVATAH
VIKARAH,DOSHAVAISHAMYAM,VATAVYADHIH,STHANAVISESHA-KUPITAVATAH,SROTRADINDRIYAGATAVATAH
VIKARAH,DOSHAVAISHAMYAM,VATAVYADHIH,STHANAVISESHA-KUPITAVATAH,TVAK^-GATAVATAH
VIKARAH,DOSHAVAISHAMYAM,VATAVYADHIH,STHANAVISESHA-KUPITAVATAH,ASRUGGATAVATAH/RAKTAGATAVATA
VIKARAH,DOSHAVAISHAMYAM,VATAVYADHIH,STHANAVISESHA-KUPITAVATAH,MAMSAGATAVATAKOPA
VIKARAH,DOSHAVAISHAMYAM,VATAVYADHIH,STHANAVISESHA-KUPITAVATAH,MEDOGATAVATAH
VIKARAH,DOSHAVAISHAMYAM,VATAVYADHIH,STHANAVISESHA-KUPITAVATAH,ASTHIGATAVATAH
VIKARAH,DOSHAVAISHAMYAM,VATAVYADHIH,STHANAVISESHA-KUPITAVATAH,MAJJAGATAVATAH
VIKARAH,DOSHAVAISHAMYAM,VATAVYADHIH,STHANAVISESHA-KUPITAVATAH,SUKRAGATAVATAH
VIKARAH,DOSHAVAISHAMYAM,VATAVYADHIH,STHANAVISESHA-KUPITAVATAH,SNAYUGATAVATAH
VIKARAH,DOSHAVAISHAMYAM,VATAVYADHIH,STHANAVISESHA-KUPITAVATAH,SIRAGATAVATAH
VIKARAH,DOSHAVAISHAMYAM,VATAVYADHIH,STHANAVISESHA-KUPITAVATAH,SANDHIGATAVATAH
VIKARAH,DOSHAVAISHAMYAM,VATAVYADHIH,STHANAVISESHA-KUPITAVATAH,BASTIGATA-PRATILOMAVATAH/BASTIGATA-VIGUNAVATAH
VIKARAH,DOSHAVAISHAMYAM,VATAVYADHIH,,KRUCCRASADHYAVATAVYADHIH
VIKARAH,DOSHAVAISHAMYAM,VATAVYADHIH,,ASADHYAVATAVYADHIH
VIKARAH,DOSHAVAISHAMYAM,VATAVYADHIH,,VATAVYADHI-UPADRAVAH
VIKARAH,DOSHAVAISHAMYAM,VATAVYADHIH,,VATAVYADHI^^ARISHTA
VIKARAH,DOSHAVAISHAMYAM,PITTAVIKARAH,DOSHAVASTHA (PITTA),PITTASANCAYAH
VIKARAH,DOSHAVAISHAMYAM,PITTAVIKARAH,DOSHAVASTHA (PITTA),PITTAVRUDDHIH
VIKARAH,DOSHAVAISHAMYAM,PITTAVIKARAH,DOSHAVASTHA (PITTA),PITTAPRAKOPAH
VIKARAH,DOSHAVAISHAMYAM,PITTAVIKARAH,DOSHAVASTHA (PITTA),PITTAPRASARAH
VIKARAH,DOSHAVAISHAMYAM,PITTAVIKARAH,DOSHAVASTHA (PITTA),PITTAKSHAYAH
VIKARAH,DOSHAVAISHAMYAM,PITTAVIKARAH,NANATMAJAPITTAVIKARAH,AKSHIPAKAH (KEVALAPITTA)
VIKARAH,DOSHAVAISHAMYAM,PITTAVIKARAH,NANATMAJAPITTAVIKARAH,ANGAGANDHAH (KEVALAPITTA)
VIKARAH,DOSHAVAISHAMYAM,PITTAVIKARAH,NANATMAJAPITTAVIKARAH,ANGAVADARANAM (KEVALAPITTA)
VIKARAH,DOSHAVAISHAMYAM,PITTAVIKARAH,NANATMAJAPITTAVIKARAH,ATISVEDAH (KEVALAPITTA)
VIKARAH,DOSHAVAISHAMYAM,PITTAVIKARAH,NANATMAJAPITTAVIKARAH,ATRUPTIH (KEVALAPITTA)
VIKARAH,DOSHAVAISHAMYAM,PITTAVIKARAH,NANATMAJAPITTAVIKARAH,ANTARDAHAH (KEVALAPITTA)
VIKARAH,DOSHAVAISHAMYAM,PITTAVIKARAH,NANATMAJAPITTAVIKARAH,AMLAKAH (KEVALAPITTA)
VIKARAH,DOSHAVAISHAMYAM,PITTAVIKARAH,NANATMAJAPITTAVIKARAH,AMSADAHAH (KEVALAPITTA)
VIKARAH,DOSHAVAISHAMYAM,PITTAVIKARAH,NANATMAJAPITTAVIKARAH,ASYAVIPAKAH (KEVALAPITTA)
VIKARAH,DOSHAVAISHAMYAM,PITTAVIKARAH,NANATMAJAPITTAVIKARAH,USHMADHIKYAM (KEVALAPITTA)
VIKARAH,DOSHAVAISHAMYAM,PITTAVIKARAH,NANATMAJAPITTAVIKARAH,OSHAH (KEVALAPITTA)
VIKARAH,DOSHAVAISHAMYAM,PITTAVIKARAH,NANATMAJAPITTAVIKARAH,KAKSHA (KEVALAPITTA)
VIKARAH,DOSHAVAISHAMYAM,PITTAVIKARAH,NANATMAJAPITTAVIKARAH,KAMALA (KEVALAPITTA)
VIKARAH,DOSHAVAISHAMYAM,PITTAVIKARAH,NANATMAJAPITTAVIKARAH,GALAPAKAH (KEVALAPITTA)
VIKARAH,DOSHAVAISHAMYAM,PITTAVIKARAH,NANATMAJAPITTAVIKARAH,GUDAPAKAH/GUDAKUTTANAM (KEVALAPITTA)
VIKARAH,DOSHAVAISHAMYAM,PITTAVIKARAH,NANATMAJAPITTAVIKARAH,JIVADANAH (KEVALAPITTA)
VIKARAH,DOSHAVAISHAMYAM,PITTAVIKARAH,NANATMAJAPITTAVIKARAH,TAMAPRAVESAH/TAMAH-ATIDARSANAM (KEVALAPITTA)
VIKARAH,DOSHAVAISHAMYAM,PITTAVIKARAH,NANATMAJAPITTAVIKARAH,TIKTASYATA (KEVALAPITTA)
VIKARAH,DOSHAVAISHAMYAM,PITTAVIKARAH,NANATMAJAPITTAVIKARAH,TRUSHNADHIKYAM (KEVALAPITTA)
VIKARAH,DOSHAVAISHAMYAM,PITTAVIKARAH,NANATMAJAPITTAVIKARAH,TVAGAVADARANAM (KEVALAPITTA)
VIKARAH,DOSHAVAISHAMYAM,PITTAVIKARAH,NANATMAJAPITTAVIKARAH,TVAGDAHAH (KEVALAPITTA)
VIKARAH,DOSHAVAISHAMYAM,PITTAVIKARAH,NANATMAJAPITTAVIKARAH,DAVAH (KEVALAPITTA)
VIKARAH,DOSHAVAISHAMYAM,PITTAVIKARAH,NANATMAJAPITTAVIKARAH,DAVATHUH (KEVALAPITTA)
VIKARAH,DOSHAVAISHAMYAM,PITTAVIKARAH,NANATMAJAPITTAVIKARAH,DAHAH (KEVALAPITTA)
VIKARAH,DOSHAVAISHAMYAM,PITTAVIKARAH,NANATMAJAPITTAVIKARAH,DHUMAKAH/DHUMODGARAH (KEVALAPITTA)
VIKARAH,DOSHAVAISHAMYAM,PITTAVIKARAH,NANATMAJAPITTAVIKARAH,AKALAPALITAH (KEVALAPITTA)
VIKARAH,DOSHAVAISHAMYAM,PITTAVIKARAH,NANATMAJAPITTAVIKARAH,PUTIMUKHATA (KEVALAPITTA)
VIKARAH,DOSHAVAISHAMYAM,PITTAVIKARAH,NANATMAJAPITTAVIKARAH,PLOSHAH (KEVALAPITTA)
VIKARAH,DOSHAVAISHAMYAM,PITTAVIKARAH,NANATMAJAPITTAVIKARAH,MAMSAKLEDAH (KEVALAPITTA)
VIKARAH,DOSHAVAISHAMYAM,PITTAVIKARAH,NANATMAJAPITTAVIKARAH,MAMSADAHAH (KEVALAPITTA)
VIKARAH,DOSHAVAISHAMYAM,PITTAVIKARAH,NANATMAJAPITTAVIKARAH,MEDHRAPAKAH (KEVALAPITTA)
VIKARAH,DOSHAVAISHAMYAM,PITTAVIKARAH,NANATMAJAPITTAVIKARAH,RAKTAKOTHAH (KEVALAPITTA)
VIKARAH,DOSHAVAISHAMYAM,PITTAVIKARAH,NANATMAJAPITTAVIKARAH,RAKTAVISPOTAH (KEVALAPITTA)
VIKARAH,DOSHAVAISHAMYAM,PITTAVIKARAH,NANATMAJAPITTAVIKARAH,RAKTAPITTAM (KEVALAPITTA)
VIKARAH,DOSHAVAISHAMYAM,PITTAVIKARAH,NANATMAJAPITTAVIKARAH,RAKTAMANDALAM (KEVALAPITTA)
VIKARAH,DOSHAVAISHAMYAM,PITTAVIKARAH,NANATMAJAPITTAVIKARAH,LOHITAGANDHASYATA (KEVALAPITTA)
VIKARAH,DOSHAVAISHAMYAM,PITTAVIKARAH,NANATMAJAPITTAVIKARAH,VIDAHAH (KEVALAPITTA)
VIKARAH,DOSHAVAISHAMYAM,PITTAVIKARAH,NANATMAJAPITTAVIKARAH,SONITAKLEDAH (KEVALAPITTA)
VIKARAH,DOSHAVAISHAMYAM,PITTAVIKARAH,NANATMAJAPITTAVIKARAH,HARITANETRAH (KEVALAPITTA)
VIKARAH,DOSHAVAISHAMYAM,PITTAVIKARAH,NANATMAJAPITTAVIKARAH,HARITAMUTRAH (KEVALAPITTA)
VIKARAH,DOSHAVAISHAMYAM,PITTAVIKARAH,NANATMAJAPITTAVIKARAH,HARITAVARCAH (KEVALAPITTA)
VIKARAH,DOSHAVAISHAMYAM,PITTAVIKARAH,NANATMAJAPITTAVIKARAH,CARMADARANAM/CARMADALANAM (KEVALAPITTA)
VIKARAH,DOSHAVAISHAMYAM,PITTAVIKARAH,STHANAVISESHA-KUPITAPITTAM,RAKTASTHITAPITTAKOPAH
VIKARAH,DOSHAVAISHAMYAM,PITTAVIKARAH,STHANAVISESHA-KUPITAPITTAM,MAMSASTHITAKAPAKOPAH
VIKARAH,DOSHAVAISHAMYAM,PITTAVIKARAH,STHANAVISESHA-KUPITAPITTAM,MEDASTHITAPITTAKOPAH
VIKARAH,DOSHAVAISHAMYAM,PITTAVIKARAH,STHANAVISESHA-KUPITAPITTAM,ASTHISTHITAPITTAKOPAH
VIKARAH,DOSHAVAISHAMYAM,PITTAVIKARAH,STHANAVISESHA-KUPITAPITTAM,MAJJASTHITAPITTAKOPAH
VIKARAH,DOSHAVAISHAMYAM,PITTAVIKARAH,STHANAVISESHA-KUPITAPITTAM,SUKRASTHITAPITTAKOPAH
VIKARAH,DOSHAVAISHAMYAM,PITTAVIKARAH,STHANAVISESHA-KUPITAPITTAM,TVAKSTHITAPITTAKOPAH
VIKARAH,DOSHAVAISHAMYAM,PITTAVIKARAH,STHANAVISESHA-KUPITAPITTAM,SNAYUSTHITAPITTAKOPAH
VIKARAH,DOSHAVAISHAMYAM,PITTAVIKARAH,STHANAVISESHA-KUPITAPITTAM,KOSHTHASTHITAPITTAKOPAH
VIKARAH,DOSHAVAISHAMYAM,PITTAVIKARAH,STHANAVISESHA-KUPITAPITTAM,SIRASTHITAPITTAKOPAH
VIKARAH,DOSHAVAISHAMYAM,PITTAVIKARAH,,NIRAMAPITTAM
VIKARAH,DOSHAVAISHAMYAM,PITTAVIKARAH,,SAMAPITTAM
VIKARAH,DOSHAVAISHAMYAM,PITTAVIKARAH,,PITTAROGA-ARISHTAH
VIKARAH,DOSHAVAISHAMYAM,SLESHMAVIKARAH,DOSHAVASTHA (KAPA),KAPASANCAYAH
VIKARAH,DOSHAVAISHAMYAM,SLESHMAVIKARAH,DOSHAVASTHA (KAPA),KAPAVRUDDHIH
VIKARAH,DOSHAVAISHAMYAM,SLESHMAVIKARAH,DOSHAVASTHA (KAPA),KAPAPRAKOPAH
VIKARAH,DOSHAVAISHAMYAM,SLESHMAVIKARAH,DOSHAVASTHA (KAPA),KAPAPRASARAH
VIKARAH,DOSHAVAISHAMYAM,SLESHMAVIKARAH,DOSHAVASTHA (KAPA),KAPAKSHAYAH
VIKARAH,DOSHAVAISHAMYAM,SLESHMAVIKARAH,NANATMAJA-SLESHMAVIKARAH,ATISTHAULYAM (KEVALA-KAPHA)
VIKARAH,DOSHAVAISHAMYAM,SLESHMAVIKARAH,NANATMAJA-SLESHMAVIKARAH,APAKTIH (KEVALA-KAPHA)
VIKARAH,DOSHAVAISHAMYAM,SLESHMAVIKARAH,NANATMAJA-SLESHMAVIKARAH,ALASYAM (KEVALA-KAPHA)
VIKARAH,DOSHAVAISHAMYAM,SLESHMAVIKARAH,NANATMAJA-SLESHMAVIKARAH,UDARDAH (KEVALA-KAPHA)
VIKARAH,DOSHAVAISHAMYAM,SLESHMAVIKARAH,NANATMAJA-SLESHMAVIKARAH,KATUKANKSHA (KEVALA-KAPHA)
VIKARAH,DOSHAVAISHAMYAM,SLESHMAVIKARAH,NANATMAJA-SLESHMAVIKARAH,USHNAKAMITA (KEVALA-KAPHA)
VIKARAH,DOSHAVAISHAMYAM,SLESHMAVIKARAH,NANATMAJA-SLESHMAVIKARAH,BUDDHIMANDYAM (KEVALA-KAPHA)
VIKARAH,DOSHAVAISHAMYAM,SLESHMAVIKARAH,NANATMAJA-SLESHMAVIKARAH,ACAITANYAM (KEVALA-KAPHA)
VIKARAH,DOSHAVAISHAMYAM,SLESHMAVIKARAH,NANATMAJA-SLESHMAVIKARAH,MUTRADHIKYAM (KEVALA-KAPHA)
VIKARAH,DOSHAVAISHAMYAM,SLESHMAVIKARAH,NANATMAJA-SLESHMAVIKARAH,SUKRAVRUDDHIH/SUKRADHIKYAM (KEVALA-KAPHA)
VIKARAH,DOSHAVAISHAMYAM,SLESHMAVIKARAH,NANATMAJA-SLESHMAVIKARAH,SAITYAM-NANATMAJASLESHMAVIKARAH (KEVALA-KAPHA)
VIKARAH,DOSHAVAISHAMYAM,SLESHMAVIKARAH,NANATMAJA-SLESHMAVIKARAH,KANTHOPALEPAH/MUKHALEPAH (KEVALA-KAPHA)
VIKARAH,DOSHAVAISHAMYAM,SLESHMAVIKARAH,NANATMAJA-SLESHMAVIKARAH,GALAGANDAH (KEVALA-KAPHA)
VIKARAH,DOSHAVAISHAMYAM,SLESHMAVIKARAH,NANATMAJA-SLESHMAVIKARAH,GURUGATRATA (KEVALA-KAPHA)
VIKARAH,DOSHAVAISHAMYAM,SLESHMAVIKARAH,NANATMAJA-SLESHMAVIKARAH,TANDRA (KEVALA-KAPHA)
VIKARAH,DOSHAVAISHAMYAM,SLESHMAVIKARAH,NANATMAJA-SLESHMAVIKARAH,TRUPTIH (KEVALA-KAPHA)
VIKARAH,DOSHAVAISHAMYAM,SLESHMAVIKARAH,NANATMAJA-SLESHMAVIKARAH,DHAMANIPRATICAYAH (KEVALA-KAPHA)
VIKARAH,DOSHAVAISHAMYAM,SLESHMAVIKARAH,NANATMAJA-SLESHMAVIKARAH,NIDRADHIKYAM (KEVALA-KAPHA)
VIKARAH,DOSHAVAISHAMYAM,SLESHMAVIKARAH,NANATMAJA-SLESHMAVIKARAH,BALASAKAH (KEVALA-KAPHA)
VIKARAH,DOSHAVAISHAMYAM,SLESHMAVIKARAH,NANATMAJA-SLESHMAVIKARAH,MALADHIKYAM (KEVALA-KAPHA)
VIKARAH,DOSHAVAISHAMYAM,SLESHMAVIKARAH,NANATMAJA-SLESHMAVIKARAH,MUKHAMADHURYAM (KEVALA-KAPHA)
VIKARAH,DOSHAVAISHAMYAM,SLESHMAVIKARAH,NANATMAJA-SLESHMAVIKARAH,MUKHASRAVAH/PRASEKAH (KEVALA-KAPHA)
VIKARAH,DOSHAVAISHAMYAM,SLESHMAVIKARAH,NANATMAJA-SLESHMAVIKARAH,SITAGNITA (AGNIMANDYAM) (KEVALA-KAPHA)
VIKARAH,DOSHAVAISHAMYAM,SLESHMAVIKARAH,NANATMAJA-SLESHMAVIKARAH,SLESHMODGIRANAM (KEVALA-KAPHA)
VIKARAH,DOSHAVAISHAMYAM,SLESHMAVIKARAH,NANATMAJA-SLESHMAVIKARAH,SVETAVARCASTVAM (KEVALA-KAPHA)
VIKARAH,DOSHAVAISHAMYAM,SLESHMAVIKARAH,NANATMAJA-SLESHMAVIKARAH,SVETAVABASATA (KEVALA-KAPHA)
VIKARAH,DOSHAVAISHAMYAM,SLESHMAVIKARAH,NANATMAJA-SLESHMAVIKARAH,STAIMITYAM (KEVALA-KAPHA)
VIKARAH,DOSHAVAISHAMYAM,SLESHMAVIKARAH,NANATMAJA-SLESHMAVIKARAH,HRUDAYOPALEPAH (KEVALA-KAPHA)
VIKARAH,DOSHAVAISHAMYAM,SLESHMAVIKARAH,NANATMAJA-SLESHMAVIKARAH,GHARGHARAVAKYATA (KEVALA-KAPHA)
VIKARAH,DOSHAVAISHAMYAM,SLESHMAVIKARAH,STHANAVISESHA-KUPITAKAPAH,TVAK-STHITAKAPAKOPAH
VIKARAH,DOSHAVAISHAMYAM,SLESHMAVIKARAH,STHANAVISESHA-KUPITAKAPAH,RAKTASTHITAKAPAKOPAH
VIKARAH,DOSHAVAISHAMYAM,SLESHMAVIKARAH,STHANAVISESHA-KUPITAKAPAH,MAMSASTHITAKAPAKOPAH
VIKARAH,DOSHAVAISHAMYAM,SLESHMAVIKARAH,STHANAVISESHA-KUPITAKAPAH,MEDAHSTHITAKAPAKOPAH
VIKARAH,DOSHAVAISHAMYAM,SLESHMAVIKARAH,STHANAVISESHA-KUPITAKAPAH,ASTHISTHITAKAPAKOPAH
VIKARAH,DOSHAVAISHAMYAM,SLESHMAVIKARAH,STHANAVISESHA-KUPITAKAPAH,MAJJASTHITAKAPAKOPAH
VIKARAH,DOSHAVAISHAMYAM,SLESHMAVIKARAH,STHANAVISESHA-KUPITAKAPAH,SUKRASTHITAKAPAKOPAH
VIKARAH,DOSHAVAISHAMYAM,SLESHMAVIKARAH,STHANAVISESHA-KUPITAKAPAH,SIRASTHITAKAPAKOPAH
VIKARAH,DOSHAVAISHAMYAM,SLESHMAVIKARAH,STHANAVISESHA-KUPITAKAPAH,SNAYUSTHITAKAPAKOPAH
VIKARAH,DOSHAVAISHAMYAM,SLESHMAVIKARAH,STHANAVISESHA-KUPITAKAPAH,KOSHTHASTHAKAPAKOPAH
VIKARAH,DOSHAVAISHAMYAM,SLESHMAVIKARAH,,SAMAKAPAH
VIKARAH,DOSHAVAISHAMYAM,SLESHMAVIKARAH,,NIRAMAKAPAH
VIKARAH,DOSHAVAISHAMYAM,SLESHMAVIKARAH,,VAIKRUTAKAPAH
VIKARAH,DOSHAVAISHAMYAM,SANNIPATIKAVIKARAH,,VATAPITTOLBANA-MANDAKAPASANNIPATAH
VIKARAH,DOSHAVAISHAMYAM,SANNIPATIKAVIKARAH,,VATAKAPOLBANA-HINAPITTASANNIPATAH
VIKARAH,DOSHAVAISHAMYAM,SANNIPATIKAVIKARAH,,PITTAKAPOLBANA-HINAVATASANNIPATAH
VIKARAH,DOSHAVAISHAMYAM,SANNIPATIKAVIKARAH,,VATOLBANA-HINAKAPAPITTASANNIPATAH
VIKARAH,DOSHAVAISHAMYAM,SANNIPATIKAVIKARAH,,PITTOLBANA-HINAKAPAVATASANNIPATAH
VIKARAH,DOSHAVAISHAMYAM,SANNIPATIKAVIKARAH,,KAPOLBANA-HINAVATAPITTASANNIPATAH
VIKARAH,DOSHAVAISHAMYAM,SANNIPATIKAVIKARAH,,SLESHMOLBANA-PITTAMADHYA-HINAVATAH
VIKARAH,DOSHAVAISHAMYAM,SANNIPATIKAVIKARAH,,PITTOLBANA-MADHYAKAPA-HINAVATASANNIPATAH
VIKARAH,DOSHAVAISHAMYAM,SANNIPATIKAVIKARAH,,VATOLBANA-MADHYAKAPA-HINAPITTAH
VIKARAH,DOSHAVAISHAMYAM,SANNIPATIKAVIKARAH,,KAPOLBANA-VATAMADHYA-HINAPITTAH
VIKARAH,DOSHAVAISHAMYAM,SANNIPATIKAVIKARAH,,VATOLBANA-PITTAMADHYA-HINAKAPASANNIPATAH
VIKARAH,DOSHAVAISHAMYAM,SANNIPATIKAVIKARAH,,PITTOLBANA-VATAMADHYA-HINAKAPASANNIPATAH
VIKARAH,DOSHAVAISHAMYAM,SANNIPATIKAVIKARAH,,SAMASANNIPATAH
VIKARAH,DHATUVAISHAMYAM,RASAVAISHAMYAM,,RASAKSHAYAH
VIKARAH,DHATUVAISHAMYAM,RASAVAISHAMYAM,,RASAVRUDDHIH
VIKARAH,DHATUVAISHAMYAM,RAKTAVAISHAMYAM,,RAKTAKSHAYAH
VIKARAH,DHATUVAISHAMYAM,RAKTAVAISHAMYAM,,RAKTAVRUDDHIH
VIKARAH,DHATUVAISHAMYAM,RAKTAVAISHAMYAM,,VATIKARAKTADUSHTIH
VIKARAH,DHATUVAISHAMYAM,RAKTAVAISHAMYAM,,PAITTIKARAKTADUSHTIH
VIKARAH,DHATUVAISHAMYAM,RAKTAVAISHAMYAM,,SLAISHMIKARAKTADUSHTIH
VIKARAH,DHATUVAISHAMYAM,RAKTAVAISHAMYAM,,SANNIPATIKARAKTADUSHTIH
VIKARAH,DHATUVAISHAMYAM,MAMSAVAISHAMYAM,,MAMSAKSHAYAH
VIKARAH,DHATUVAISHAMYAM,MAMSAVAISHAMYAM,,MAMSAVRUDDHIH
VIKARAH,DHATUVAISHAMYAM,MEDOVAISHAMYAM,,MEDAHKSHAYAH
VIKARAH,DHATUVAISHAMYAM,MEDOVAISHAMYAM,,MEDOVRUDDHIH
VIKARAH,DHATUVAISHAMYAM,ASTHIVAISHAMYAM,,ASTHIKSHAYAH
VIKARAH,DHATUVAISHAMYAM,ASTHIVAISHAMYAM,,ASTHIVRUDDHIH
VIKARAH,DHATUVAISHAMYAM,MAJJAVAISHAMYAM,,MAJJAKSHAYAH
VIKARAH,DHATUVAISHAMYAM,MAJJAVAISHAMYAM,,MAJJAVRUDDHIH
VIKARAH,DHATUVAISHAMYAM,SUKRAVAISHAMYAM,,SUKRAKSHAYAH
VIKARAH,DHATUVAISHAMYAM,SUKRAVAISHAMYAM,,SUKRAVRUDDHIH/SUKRADHIKYAM
VIKARAH,DHATUVAISHAMYAM,RASAVAISHAMYAM,,ARTAVAVAISHAMYAM
VIKARAH,DHATUVAISHAMYAM,RASAVAISHAMYAM,,ARTAVAKSHAYAH
VIKARAH,DHATUVAISHAMYAM,RASAVAISHAMYAM,,ARTAVAVRUDDHIH
VIKARAH,DHATUVAISHAMYAM,RASAVAISHAMYAM,,STANYAVAISHAMYAM
VIKARAH,DHATUVAISHAMYAM,RASAVAISHAMYAM,,STANYAKSHAYAH
VIKARAH,DHATUVAISHAMYAM,RASAVAISHAMYAM,,STANYAVRUDDHIH
VIKARAH,DHATUVAISHAMYAM,OJOVAISHAMYAM,,OJAKSHAYAH
VIKARAH,DHATUVAISHAMYAM,OJOVAISHAMYAM,,OJA-VISRAMSAH
VIKARAH,DHATUVAISHAMYAM,OJOVAISHAMYAM,,OJA-VYAPAT
VIKARAH,DHATUVAISHAMYAM,RAJAYAKSHMA,,RAJAYAKSHMA-PURVARUPAM
VIKARAH,DHATUVAISHAMYAM,RAJAYAKSHMA,,SAHASAJA-RAJAYAKSHMA
VIKARAH,DHATUVAISHAMYAM,RAJAYAKSHMA,,VEGARODHAJA-RAJAYAKSHMA
VIKARAH,DHATUVAISHAMYAM,RAJAYAKSHMA,,VISHAMASANAJA-RAJAYAKSHMA
VIKARAH,DHATUVAISHAMYAM,RAJAYAKSHMA,,KSHAYAJA-RAJAYAKSHMA
VIKARAH,DHATUVAISHAMYAM,RAJAYAKSHMA,,VYAVAYAJANYARAJAYAKSHMA
VIKARAH,DHATUVAISHAMYAM,RAJAYAKSHMA,,SOSHAJANYARAJAYAKSHMA
VIKARAH,DHATUVAISHAMYAM,RAJAYAKSHMA,,SOKAJANYARAJAYAKSHMA
VIKARAH,DHATUVAISHAMYAM,RAJAYAKSHMA,,VARDHAKYAJANYARAJAYAKSHMA/JARASOSHAH
VIKARAH,DHATUVAISHAMYAM,RAJAYAKSHMA,,VYAYAMAJANYARAJAYAKSHMA
VIKARAH,DHATUVAISHAMYAM,RAJAYAKSHMA,,ADHVAJANYA-RAJAYAKSHMA/SOSHA
VIKARAH,DHATUVAISHAMYAM,RAJAYAKSHMA,,VRANAJANYARAJAYAKSHMA
VIKARAH,DHATUVAISHAMYAM,RAJAYAKSHMA,,URAHKSHATAJANYARAJAYAKSHMA
VIKARAH,DHATUVAISHAMYAM,RAJAYAKSHMA,,VATIKARAJAYAKSHMA
VIKARAH,DHATUVAISHAMYAM,RAJAYAKSHMA,,PAITTIKARAJAYAKSHMA
VIKARAH,DHATUVAISHAMYAM,RAJAYAKSHMA,,KAPAJARAJAYAKSHMA
VIKARAH,DHATUVAISHAMYAM,RAJAYAKSHMA,,YAKSHMAJAJVARAH
VIKARAH,DHATUVAISHAMYAM,RAJAYAKSHMA,,YAKSHMAJASIRAHSULAH
VIKARAH,DHATUVAISHAMYAM,RAJAYAKSHMA,,ASADHYA-RAJAYAKSHMA/ASADHYASOSHA
VIKARAH,DHATUVAISHAMYAM,RAJAYAKSHMA,,CIKITSYA-RAJAYAKSHMA
VIKARAH,DHATUVAISHAMYAM,RAJAYAKSHMA,,RAJAYAKSHMA-UPADRAVAH
VIKARAH,DHATUVAISHAMYAM,RAJAYAKSHMA,,YAKSHMA-ARISHTAH
VIKARAH,MALAVAISHAMYAM,MUTRAVAISHAMYAM,,MUTRAKSHAYAH
VIKARAH,MALAVAISHAMYAM,MUTRAVAISHAMYAM,,MUTRAVRUDDHIH
VIKARAH,MALAVAISHAMYAM,PURISHAVAISHAMYAM,,PURISHAKSHAYAH
VIKARAH,MALAVAISHAMYAM,PURISHAVAISHAMYAM,,PURISHAVRUDDHIH
VIKARAH,MALAVAISHAMYAM,PURISHAVAISHAMYAM,,SAMAMALAH
VIKARAH,MALAVAISHAMYAM,SVEDAVAISHAMYAM,,SVEDAKSHAYAH
VIKARAH,MALAVAISHAMYAM,SVEDAVAISHAMYAM,,SVEDAVRUDDHIH
VIKARAH,MALAVAISHAMYAM,MALAVAISHAMYAM-SANKIRNA,,JIHVAMULAGATAMALAH
VIKARAH,AGNIVAISHAMYAM,AMADOSHAH,,ASADHYA-AMADOSHAH
VIKARAH,AGNIVAISHAMYAM,JATHARAGNIVIKARAH,,MANDAGNIH/ AGNISADA
VIKARAH,AGNIVAISHAMYAM,JATHARAGNIVIKARAH,,MANDAGNI-ARISHTAH
VIKARAH,AGNIVAISHAMYAM,JATHARAGNIVIKARAH,,VISHAMAGNIH
VIKARAH,AGNIVAISHAMYAM,JATHARAGNIVIKARAH,,TIKSHNAGNIH
VIKARAH,AGNIVAISHAMYAM,JATHARAGNIVIKARAH,,ATYAGNIH/BASMAKAH
VIKARAH,SROTOVAISHAMYAM,PRANAVAHASROTOVIKARAH,,PRANAVAHASROTODUSHTIH
VIKARAH,SROTOVAISHAMYAM,PRANAVAHASROTOVIKARAH,,HIKKA (HIDHMA)
VIKARAH,SROTOVAISHAMYAM,PRANAVAHASROTOVIKARAH,,HIKKA-PURVARUPAM
VIKARAH,SROTOVAISHAMYAM,PRANAVAHASROTOVIKARAH,,MAHATIHIKKA
VIKARAH,SROTOVAISHAMYAM,PRANAVAHASROTOVIKARAH,,GAMBIRAHIKKA
VIKARAH,SROTOVAISHAMYAM,PRANAVAHASROTOVIKARAH,,VYAPETAHIKKA/YAMALAHIKKA
VIKARAH,SROTOVAISHAMYAM,PRANAVAHASROTOVIKARAH,,KSHUDRA HIKKA
VIKARAH,SROTOVAISHAMYAM,PRANAVAHASROTOVIKARAH,,ANNAJAHIKKA
VIKARAH,SROTOVAISHAMYAM,PRANAVAHASROTOVIKARAH,,ASADHYA-HIKKA
VIKARAH,SROTOVAISHAMYAM,PRANAVAHASROTOVIKARAH,,HIKKA-ARISHTAH
VIKARAH,SROTOVAISHAMYAM,PRANAVAHASROTOVIKARAH,,KASAH
VIKARAH,SROTOVAISHAMYAM,PRANAVAHASROTOVIKARAH,,KASA-PURVARUPAM
VIKARAH,SROTOVAISHAMYAM,PRANAVAHASROTOVIKARAH,,VATAJAKASAH
VIKARAH,SROTOVAISHAMYAM,PRANAVAHASROTOVIKARAH,,PITTAJAKASAH
VIKARAH,SROTOVAISHAMYAM,PRANAVAHASROTOVIKARAH,,KAPAJAKASAH
VIKARAH,SROTOVAISHAMYAM,PRANAVAHASROTOVIKARAH,,KSHATAJAKASAH
VIKARAH,SROTOVAISHAMYAM,PRANAVAHASROTOVIKARAH,,KSHAYAJAKASAH
VIKARAH,SROTOVAISHAMYAM,PRANAVAHASROTOVIKARAH,,KASA-UPADRAVAH
VIKARAH,SROTOVAISHAMYAM,PRANAVAHASROTOVIKARAH,,KASA-ARISHTAH
VIKARAH,SROTOVAISHAMYAM,PRANAVAHASROTOVIKARAH,,SVASAH
VIKARAH,SROTOVAISHAMYAM,PRANAVAHASROTOVIKARAH,,SVASA-PURVARUPAM
VIKARAH,SROTOVAISHAMYAM,PRANAVAHASROTOVIKARAH,,MAHASVASAH
VIKARAH,SROTOVAISHAMYAM,PRANAVAHASROTOVIKARAH,,URDHVASVASAH
VIKARAH,SROTOVAISHAMYAM,PRANAVAHASROTOVIKARAH,,CINNASVASAH
VIKARAH,SROTOVAISHAMYAM,PRANAVAHASROTOVIKARAH,,TAMAKASVASAH
VIKARAH,SROTOVAISHAMYAM,PRANAVAHASROTOVIKARAH,,PRATAMAKASVASAH
VIKARAH,SROTOVAISHAMYAM,PRANAVAHASROTOVIKARAH,,SANTAMAKASVASAH
VIKARAH,SROTOVAISHAMYAM,PRANAVAHASROTOVIKARAH,,KSHUDRASVASAH
VIKARAH,SROTOVAISHAMYAM,PRANAVAHASROTOVIKARAH,,SVASA-UPADRAVA
VIKARAH,SROTOVAISHAMYAM,PRANAVAHASROTOVIKARAH,,SVASA-ARISHTAH
VIKARAH,SROTOVAISHAMYAM,PRANAVAHASROTOVIKARAH,,SVARABEDAH
VIKARAH,SROTOVAISHAMYAM,PRANAVAHASROTOVIKARAH,,VATAJASVARABEDAH
VIKARAH,SROTOVAISHAMYAM,PRANAVAHASROTOVIKARAH,,PITTAJASVARABEDAH
VIKARAH,SROTOVAISHAMYAM,PRANAVAHASROTOVIKARAH,,KAPAJASVARABEDAH
VIKARAH,SROTOVAISHAMYAM,PRANAVAHASROTOVIKARAH,,SANNIPATAJASVARABEDAH
VIKARAH,SROTOVAISHAMYAM,PRANAVAHASROTOVIKARAH,,KSHAYAJASVARABEDAH
VIKARAH,SROTOVAISHAMYAM,PRANAVAHASROTOVIKARAH,,MEDOJASVARABEDAH
VIKARAH,SROTOVAISHAMYAM,PRANAVAHASROTOVIKARAH,,RAKTAJASVARABEDAH
VIKARAH,SROTOVAISHAMYAM,PRANAVAHASROTOVIKARAH,,KASAJANYASVARABEDAH
VIKARAH,SROTOVAISHAMYAM,PRANAVAHASROTOVIKARAH,,PINASAJANYASVARABEDAH
VIKARAH,SROTOVAISHAMYAM,PRANAVAHASROTOVIKARAH,,URAHKSHATAH/KSHATAKSHINA
VIKARAH,SROTOVAISHAMYAM,ANNAVAHASROTOVIKARAH,,ANNAVAHASROTODUSHTIH
VIKARAH,SROTOVAISHAMYAM,ANNAVAHASROTOVIKARAH,,ATISARAH
VIKARAH,SROTOVAISHAMYAM,ANNAVAHASROTOVIKARAH,,ATISARA-PURVARUPAM
VIKARAH,SROTOVAISHAMYAM,ANNAVAHASROTOVIKARAH,,VATAJA-ATISARAH
VIKARAH,SROTOVAISHAMYAM,ANNAVAHASROTOVIKARAH,,PAKVAVATIKATISARAH
VIKARAH,SROTOVAISHAMYAM,ANNAVAHASROTOVIKARAH,,PITTAJA-ATISARAH
VIKARAH,SROTOVAISHAMYAM,ANNAVAHASROTOVIKARAH,,KAPAJA-ATISARAH
VIKARAH,SROTOVAISHAMYAM,ANNAVAHASROTOVIKARAH,,SANNIPATAJA-ATISARAH
VIKARAH,SROTOVAISHAMYAM,ANNAVAHASROTOVIKARAH,,BAYAJA-ATISARAH
VIKARAH,SROTOVAISHAMYAM,ANNAVAHASROTOVIKARAH,,SOKAJA-ATISARAH
VIKARAH,SROTOVAISHAMYAM,ANNAVAHASROTOVIKARAH,,AMATISARAH
VIKARAH,SROTOVAISHAMYAM,ANNAVAHASROTOVIKARAH,,JVARATISARAH
VIKARAH,SROTOVAISHAMYAM,ANNAVAHASROTOVIKARAH,,RAKTATISARAH
VIKARAH,SROTOVAISHAMYAM,ANNAVAHASROTOVIKARAH,,KRUCCRASADHYA-ATISARAH
VIKARAH,SROTOVAISHAMYAM,ANNAVAHASROTOVIKARAH,,ASADHYA-ATISARAH
VIKARAH,SROTOVAISHAMYAM,ANNAVAHASROTOVIKARAH,,ATISARAMUKTIH
VIKARAH,SROTOVAISHAMYAM,ANNAVAHASROTOVIKARAH,,PAKVA-ATISARAH
VIKARAH,SROTOVAISHAMYAM,ANNAVAHASROTOVIKARAH,,DOSHAVIBANDHAJA-ATISARAH
VIKARAH,SROTOVAISHAMYAM,ANNAVAHASROTOVIKARAH,,SNEHOLVANA-ATISARAH
VIKARAH,SROTOVAISHAMYAM,ANNAVAHASROTOVIKARAH,,ATISARA-ARISHTAH
VIKARAH,SROTOVAISHAMYAM,ANNAVAHASROTOVIKARAH,,AJIRNAM
VIKARAH,SROTOVAISHAMYAM,ANNAVAHASROTOVIKARAH,,VISHTABDHAJANYA-AJIRNAM/VATAJA-AJIRNAM
VIKARAH,SROTOVAISHAMYAM,ANNAVAHASROTOVIKARAH,,VIDAGDHAJANYA-AJIRNAM/PITTAJA-AJIRNAM
VIKARAH,SROTOVAISHAMYAM,ANNAVAHASROTOVIKARAH,,AMAJA-AJIRNAM/KAPAJA-AJIRNAM
VIKARAH,SROTOVAISHAMYAM,ANNAVAHASROTOVIKARAH,,RASASESHAJANYA-AJIRNAM
VIKARAH,SROTOVAISHAMYAM,ANNAVAHASROTOVIKARAH,,DINAPAKI-AJIRNAM
VIKARAH,SROTOVAISHAMYAM,ANNAVAHASROTOVIKARAH,,PRATIVASARA-AJIRNAM
VIKARAH,SROTOVAISHAMYAM,ANNAVAHASROTOVIKARAH,,VISUCIKA
VIKARAH,SROTOVAISHAMYAM,ANNAVAHASROTOVIKARAH,,VATIKA-VISUCIKA
VIKARAH,SROTOVAISHAMYAM,ANNAVAHASROTOVIKARAH,,PAITTIKA-VISUCIKA
VIKARAH,SROTOVAISHAMYAM,ANNAVAHASROTOVIKARAH,,KAPAJA-VISUCIKA
VIKARAH,SROTOVAISHAMYAM,ANNAVAHASROTOVIKARAH,,ASADHYA-VISUCIKA
VIKARAH,SROTOVAISHAMYAM,ANNAVAHASROTOVIKARAH,,VISUCIKA-UPADRAVAH
VIKARAH,SROTOVAISHAMYAM,ANNAVAHASROTOVIKARAH,,VILAMBIKA
VIKARAH,SROTOVAISHAMYAM,ANNAVAHASROTOVIKARAH,,ALASAKA
VIKARAH,SROTOVAISHAMYAM,ANNAVAHASROTOVIKARAH,,ALASAKA-PURVARUPAM
VIKARAH,SROTOVAISHAMYAM,ANNAVAHASROTOVIKARAH,,DANDALASAKAH
VIKARAH,SROTOVAISHAMYAM,ANNAVAHASROTOVIKARAH,,VATIKA-ALASAKAH
VIKARAH,SROTOVAISHAMYAM,ANNAVAHASROTOVIKARAH,,PAITTIKA-ALASAKAH
VIKARAH,SROTOVAISHAMYAM,ANNAVAHASROTOVIKARAH,,KAPAJA-ALASAKAH
VIKARAH,SROTOVAISHAMYAM,ANNAVAHASROTOVIKARAH,,MADYAJA-AJIRNAM
VIKARAH,SROTOVAISHAMYAM,ANNAVAHASROTOVIKARAH,,AJIRNA-UPADRAVAH
VIKARAH,SROTOVAISHAMYAM,ANNAVAHASROTOVIKARAH,,AMLAPITTAM
VIKARAH,SROTOVAISHAMYAM,ANNAVAHASROTOVIKARAH,,URDHVAGATA-AMLAPITTAM
VIKARAH,SROTOVAISHAMYAM,ANNAVAHASROTOVIKARAH,,ADHOGATA-AMLAPITTAM
VIKARAH,SROTOVAISHAMYAM,ANNAVAHASROTOVIKARAH,,VATIKA-AMLAPITTAM
VIKARAH,SROTOVAISHAMYAM,ANNAVAHASROTOVIKARAH,,KAPAJA-AMLAPITTAM/SLESHMAPITTAM
VIKARAH,SROTOVAISHAMYAM,ANNAVAHASROTOVIKARAH,,VATAKAPA-AMLAPITTAM
VIKARAH,SROTOVAISHAMYAM,ANNAVAHASROTOVIKARAH,,KAPAPAITTIKA-AMLAPITTAM
VIKARAH,DOSHAVAISHAMYAM,VATAVYADHIH,SAMANYAJAVATAVIKARAH,AMAJA-ANAHAH
VIKARAH,DOSHAVAISHAMYAM,VATAVYADHIH,SAMANYAJAVATAVIKARAH,PURISHAJA-ANAHAH/PURISHA SULA/PAKVASAYAJANAHAH
VIKARAH,SROTOVAISHAMYAM,ANNAVAHASROTOVIKARAH,,AROCAKAH
VIKARAH,SROTOVAISHAMYAM,ANNAVAHASROTOVIKARAH,,VATAJA-AROCAKAH
VIKARAH,SROTOVAISHAMYAM,ANNAVAHASROTOVIKARAH,,PITTAJA-AROCAKAH
VIKARAH,SROTOVAISHAMYAM,ANNAVAHASROTOVIKARAH,,KAPAJA-AROCAKAH
VIKARAH,SROTOVAISHAMYAM,ANNAVAHASROTOVIKARAH,,SANNIPATAJA-AROCAKAH
VIKARAH,SROTOVAISHAMYAM,ANNAVAHASROTOVIKARAH,,AGANTUJA-AROCAKAH
VIKARAH,SROTOVAISHAMYAM,ANNAVAHASROTOVIKARAH,,SOKAJA-AROCAKAH
VIKARAH,SROTOVAISHAMYAM,ANNAVAHASROTOVIKARAH,,BAYAJA-AROCAKAH
VIKARAH,SROTOVAISHAMYAM,ANNAVAHASROTOVIKARAH,,KRODHAJA-AROCAKAH
VIKARAH,SROTOVAISHAMYAM,ANNAVAHASROTOVIKARAH,,ASUCIGANDHAJA-AROCAKAH/AHRUDYAGANDHAJA-AROCAKAH
VIKARAH,SROTOVAISHAMYAM,ANNAVAHASROTOVIKARAH,,RAGAJANYA-AROCAKAH
VIKARAH,SROTOVAISHAMYAM,ANNAVAHASROTOVIKARAH,,CINTAJANYA-AROCAKAH
VIKARAH,SROTOVAISHAMYAM,ANNAVAHASROTOVIKARAH,,ASUCIDARSANAJAYA-AROCAKAH
VIKARAH,SROTOVAISHAMYAM,ANNAVAHASROTOVIKARAH,,ATILOBAJANYA-AROCAKAH
VIKARAH,SROTOVAISHAMYAM,ANNAVAHASROTOVIKARAH,,DVESHAJA-AROCAKAH
VIKARAH,SROTOVAISHAMYAM,ANNAVAHASROTOVIKARAH,,CITTAVIPARYAYAJA-AROCAKAH/MANASSANTAPAJA-AROCAKAH
VIKARAH,SROTOVAISHAMYAM,ANNAVAHASROTOVIKARAH,,ABIGHATAJA-AROCAKAH
VIKARAH,SROTOVAISHAMYAM,ANNAVAHASROTOVIKARAH,,CARDIH
VIKARAH,SROTOVAISHAMYAM,ANNAVAHASROTOVIKARAH,,CARDI-PURVARUPAM
VIKARAH,SROTOVAISHAMYAM,ANNAVAHASROTOVIKARAH,,VATAJA-CARDIH
VIKARAH,SROTOVAISHAMYAM,ANNAVAHASROTOVIKARAH,,PITTAJA-CARDIH
VIKARAH,SROTOVAISHAMYAM,ANNAVAHASROTOVIKARAH,,KAPAJA-CARDIH
VIKARAH,SROTOVAISHAMYAM,ANNAVAHASROTOVIKARAH,,SANNIPATAJA-CARDIH
VIKARAH,SROTOVAISHAMYAM,ANNAVAHASROTOVIKARAH,,AGANTUJA-CARDIH
VIKARAH,SROTOVAISHAMYAM,ANNAVAHASROTOVIKARAH,,BIBATSAJA-CARDIH/DVISHTARTHAJA-CARDIH
VIKARAH,SROTOVAISHAMYAM,ANNAVAHASROTOVIKARAH,,DAUHRUDAJA-CARDIH
VIKARAH,SROTOVAISHAMYAM,ANNAVAHASROTOVIKARAH,,AMAJA-CARDIH
VIKARAH,SROTOVAISHAMYAM,ANNAVAHASROTOVIKARAH,,ASATMYAJA-CARDIH
VIKARAH,SROTOVAISHAMYAM,ANNAVAHASROTOVIKARAH,,KRUMIJA-CARDIH
VIKARAH,SROTOVAISHAMYAM,ANNAVAHASROTOVIKARAH,,ASADHYA-CARDIH
VIKARAH,SROTOVAISHAMYAM,ANNAVAHASROTOVIKARAH,,CARDI-UPADRAVAH
VIKARAH,SROTOVAISHAMYAM,ANNAVAHASROTOVIKARAH,,CARDI-ARISHTAH
VIKARAH,SROTOVAISHAMYAM,ANNAVAHASROTOVIKARAH,,GRAHANIDOSHAH
VIKARAH,SROTOVAISHAMYAM,ANNAVAHASROTOVIKARAH,,GRAHANI-PURVARUPAM
VIKARAH,SROTOVAISHAMYAM,ANNAVAHASROTOVIKARAH,,VATAJAGRAHANIDOSHAH
VIKARAH,SROTOVAISHAMYAM,ANNAVAHASROTOVIKARAH,,PITTAJAGRAHANIDOSHAH
VIKARAH,SROTOVAISHAMYAM,ANNAVAHASROTOVIKARAH,,KAPAJAGRAHANIDOSHAH
VIKARAH,SROTOVAISHAMYAM,ANNAVAHASROTOVIKARAH,,AMAJAGRAHANIDOSHAH
VIKARAH,SROTOVAISHAMYAM,ANNAVAHASROTOVIKARAH,,SANNIPATAJAGRAHANIDOSHAH
VIKARAH,SROTOVAISHAMYAM,ANNAVAHASROTOVIKARAH,,SAMGRAHAGRAHANI
VIKARAH,SROTOVAISHAMYAM,ANNAVAHASROTOVIKARAH,,GHATIYANTRAGRAHANI
VIKARAH,SROTOVAISHAMYAM,ANNAVAHASROTOVIKARAH,,NIRAMA-GRAHANI
VIKARAH,SROTOVAISHAMYAM,ANNAVAHASROTOVIKARAH,,GULMAH
VIKARAH,SROTOVAISHAMYAM,ANNAVAHASROTOVIKARAH,,GULMA-PURVARUPAM
VIKARAH,SROTOVAISHAMYAM,ANNAVAHASROTOVIKARAH,,VATAJAGULMAH
VIKARAH,SROTOVAISHAMYAM,ANNAVAHASROTOVIKARAH,,PITTAJAGULMAH
VIKARAH,SROTOVAISHAMYAM,ANNAVAHASROTOVIKARAH,,KAPAJAGULMAH
VIKARAH,SROTOVAISHAMYAM,ANNAVAHASROTOVIKARAH,,RAKTAJAGULMAH
VIKARAH,SROTOVAISHAMYAM,ANNAVAHASROTOVIKARAH,,SANNIPATAJAGULMAH
VIKARAH,SROTOVAISHAMYAM,ANNAVAHASROTOVIKARAH,,DVANDVAJAGULMAH
VIKARAH,SROTOVAISHAMYAM,ANNAVAHASROTOVIKARAH,,VIDAHYAMANAGULMAH
VIKARAH,SROTOVAISHAMYAM,ANNAVAHASROTOVIKARAH,,APAKVAGULMAH
VIKARAH,SROTOVAISHAMYAM,ANNAVAHASROTOVIKARAH,,PAKVAGULMAH
VIKARAH,SROTOVAISHAMYAM,ANNAVAHASROTOVIKARAH,,ASADHYA-GULMAH
VIKARAH,SROTOVAISHAMYAM,ANNAVAHASROTOVIKARAH,,ANTARGULMAH
VIKARAH,SROTOVAISHAMYAM,ANNAVAHASROTOVIKARAH,,BAHYAGULMAH
VIKARAH,SROTOVAISHAMYAM,ANNAVAHASROTOVIKARAH,,GULMA-UPADRAVAH
VIKARAH,SROTOVAISHAMYAM,ANNAVAHASROTOVIKARAH,,GULMA-ARISHTAH
VIKARAH,SROTOVAISHAMYAM,ANNAVAHASROTOVIKARAH,,PRAVAHIKA
VIKARAH,SROTOVAISHAMYAM,ANNAVAHASROTOVIKARAH,,VATIKA-PRAVAHIKA
VIKARAH,SROTOVAISHAMYAM,ANNAVAHASROTOVIKARAH,,PAITTIKA-PRAVAHIKA
VIKARAH,SROTOVAISHAMYAM,ANNAVAHASROTOVIKARAH,,KAPAJA-PRAVAHIKA
VIKARAH,SROTOVAISHAMYAM,ANNAVAHASROTOVIKARAH,,RAKTAJAPRAVAHIKA
VIKARAH,SROTOVAISHAMYAM,ANNAVAHASROTOVIKARAH,,SULAH
VIKARAH,SROTOVAISHAMYAM,ANNAVAHASROTOVIKARAH,,VATAJASULAH
VIKARAH,SROTOVAISHAMYAM,ANNAVAHASROTOVIKARAH,,PITTAJASULAH
VIKARAH,SROTOVAISHAMYAM,ANNAVAHASROTOVIKARAH,,KAPAJASULAH
VIKARAH,SROTOVAISHAMYAM,ANNAVAHASROTOVIKARAH,,SANNIPATIKASULAH
VIKARAH,SROTOVAISHAMYAM,ANNAVAHASROTOVIKARAH,,AMASULAH
VIKARAH,SROTOVAISHAMYAM,ANNAVAHASROTOVIKARAH,,KUKSHISULAH
VIKARAH,SROTOVAISHAMYAM,ANNAVAHASROTOVIKARAH,,DVANDVAJASULAH
VIKARAH,SROTOVAISHAMYAM,ANNAVAHASROTOVIKARAH,,VATAPAITTIKASULAH
VIKARAH,SROTOVAISHAMYAM,ANNAVAHASROTOVIKARAH,,AMLAPITTAJASULAH
VIKARAH,SROTOVAISHAMYAM,ANNAVAHASROTOVIKARAH,,PARINAMASULAH
VIKARAH,SROTOVAISHAMYAM,ANNAVAHASROTOVIKARAH,,VATIKAPARINAMASULAH
VIKARAH,SROTOVAISHAMYAM,ANNAVAHASROTOVIKARAH,,PAITTIKA-PARINAMASULAH
VIKARAH,SROTOVAISHAMYAM,ANNAVAHASROTOVIKARAH,,KAPAJA-PARINAMASULAH
VIKARAH,SROTOVAISHAMYAM,ANNAVAHASROTOVIKARAH,,ANNADRAVASULAH
VIKARAH,SROTOVAISHAMYAM,ANNAVAHASROTOVIKARAH,,BASTISULAH
VIKARAH,SROTOVAISHAMYAM,ANNAVAHASROTOVIKARAH,,NABI-SULAH
VIKARAH,SROTOVAISHAMYAM,ANNAVAHASROTOVIKARAH,,HRUDAYASULAH
VIKARAH,SROTOVAISHAMYAM,ANNAVAHASROTOVIKARAH,,PARSVARUJAH/PARSVASULAH
VIKARAH,SROTOVAISHAMYAM,ANNAVAHASROTOVIKARAH,,TRIKASULAH
VIKARAH,SROTOVAISHAMYAM,ANNAVAHASROTOVIKARAH,,MUTRASULAH
VIKARAH,SROTOVAISHAMYAM,ANNAVAHASROTOVIKARAH,,PURISHASULAH
VIKARAH,SROTOVAISHAMYAM,ANNAVAHASROTOVIKARAH,,AVIPAKAJASULAH
VIKARAH,SROTOVAISHAMYAM,ANNAVAHASROTOVIKARAH,,UDAVARTAH
VIKARAH,SROTOVAISHAMYAM,ANNAVAHASROTOVIKARAH,,UDAVARTA-PURVARUPAM
VIKARAH,SROTOVAISHAMYAM,ANNAVAHASROTOVIKARAH,,VATANIGRAHAJA-UDAVARTAH
VIKARAH,SROTOVAISHAMYAM,ANNAVAHASROTOVIKARAH,,MUTRABIGHATAJA-UDAVARTAH
VIKARAH,SROTOVAISHAMYAM,ANNAVAHASROTOVIKARAH,,PURISHABIGHATAJA-UDAVARTAH
VIKARAH,SROTOVAISHAMYAM,ANNAVAHASROTOVIKARAH,,SUKRABIGHATAJA-UDAVARTAH
VIKARAH,SROTOVAISHAMYAM,ANNAVAHASROTOVIKARAH,,CARDINIGRAHAJA-UDAVARTAH
VIKARAH,SROTOVAISHAMYAM,ANNAVAHASROTOVIKARAH,,KSHAVATHUNIGRAHAJA-UDAVARTAH
VIKARAH,SROTOVAISHAMYAM,ANNAVAHASROTOVIKARAH,,JRUMBANIGRAHAJA-UDAVARTAH
VIKARAH,SROTOVAISHAMYAM,ANNAVAHASROTOVIKARAH,,ASRUNIGRAHAJA-UDAVARTAH
VIKARAH,SROTOVAISHAMYAM,ANNAVAHASROTOVIKARAH,,UDGARANIGRAHAJA-UDAVARTAH
VIKARAH,SROTOVAISHAMYAM,ANNAVAHASROTOVIKARAH,,KSHUNNINIRODHAJA-UDAVARTAH
VIKARAH,SROTOVAISHAMYAM,ANNAVAHASROTOVIKARAH,,TRUSHNANIRODHAJA-UDAVARTAH
VIKARAH,SROTOVAISHAMYAM,ANNAVAHASROTOVIKARAH,,SVASANIRODHAJA-UDAVARTAH/SRAMASVASAVEGARODHA-JANYODAVARTAH
VIKARAH,SROTOVAISHAMYAM,ANNAVAHASROTOVIKARAH,,NIDRARODHAJA-UDAVARTAH
VIKARAH,SROTOVAISHAMYAM,ANNAVAHASROTOVIKARAH,,KASAVARODHAJA-UDAVARTAH
VIKARAH,SROTOVAISHAMYAM,ANNAVAHASROTOVIKARAH,,SRAMASVASAVEGARODHAJA-UDAVARTAH
VIKARAH,SROTOVAISHAMYAM,ANNAVAHASROTOVIKARAH,,RUKSHADIBOJANA-NIMITTODAVARTAH
VIKARAH,SROTOVAISHAMYAM,ANNAVAHASROTOVIKARAH,,ASADHYA-UDAVARTAH
VIKARAH,SROTOVAISHAMYAM,ANNAVAHASROTOVIKARAH,,UDAVARTA-UPADRAVAH
VIKARAH,SROTOVAISHAMYAM,ANNAVAHASROTOVIKARAH,,PARIKARTIKA
VIKARAH,SROTOVAISHAMYAM,ANNAVAHASROTOVIKARAH,,ANTARDAHAH
VIKARAH,SROTOVAISHAMYAM,ANNAVAHASROTOVIKARAH,,PURISHAVAHA-SROTODUSHTI
VIKARAH,SROTOVAISHAMYAM,RASAVAHASROTOVIKARAH,,RASAVAHASROTODUSHTIH
VIKARAH,SROTOVAISHAMYAM,RASAVAHASROTOVIKARAH,,HRUDROGAH
VIKARAH,SROTOVAISHAMYAM,RASAVAHASROTOVIKARAH,,VATAJAHRUDROGAH
VIKARAH,SROTOVAISHAMYAM,RASAVAHASROTOVIKARAH,,PITTAJAHRUDROGAH
VIKARAH,SROTOVAISHAMYAM,RASAVAHASROTOVIKARAH,,KAPAJAHRUDROGAH
VIKARAH,SROTOVAISHAMYAM,RASAVAHASROTOVIKARAH,,SANNIPATAJAHRUDROGAH
VIKARAH,SROTOVAISHAMYAM,RASAVAHASROTOVIKARAH,,KRUMIJAHRUDROGAH
VIKARAH,SROTOVAISHAMYAM,RASAVAHASROTOVIKARAH,,HRUT-SULAH
VIKARAH,SROTOVAISHAMYAM,RASAVAHASROTOVIKARAH,,HRUDROGA-UPADRAVAH
VIKARAH,SROTOVAISHAMYAM,RASAVAHASROTOVIKARAH,,JVARAH
VIKARAH,SROTOVAISHAMYAM,RASAVAHASROTOVIKARAH,,JVARA-PURVARUPAM
VIKARAH,SROTOVAISHAMYAM,RASAVAHASROTOVIKARAH,,VATIKAJVARAH
VIKARAH,SROTOVAISHAMYAM,RASAVAHASROTOVIKARAH,,VATIKAJVARA-PURVARUPAM
VIKARAH,SROTOVAISHAMYAM,RASAVAHASROTOVIKARAH,,PAITTIKAJVARAH
VIKARAH,SROTOVAISHAMYAM,RASAVAHASROTOVIKARAH,,PAITTIKAJVARAH-PURVARUPAM
VIKARAH,SROTOVAISHAMYAM,RASAVAHASROTOVIKARAH,,KAPAJAJVARAH
VIKARAH,SROTOVAISHAMYAM,RASAVAHASROTOVIKARAH,,KAPAJAJVARA-PURVARUPAM
VIKARAH,SROTOVAISHAMYAM,RASAVAHASROTOVIKARAH,,KAPAVATAJAJVARAH
VIKARAH,SROTOVAISHAMYAM,RASAVAHASROTOVIKARAH,,VATAPITTAJAJVARAH
VIKARAH,SROTOVAISHAMYAM,RASAVAHASROTOVIKARAH,,KAPAPITTAJAJVARAH
VIKARAH,SROTOVAISHAMYAM,RASAVAHASROTOVIKARAH,,SANNIPATAJAJVARAH
VIKARAH,SROTOVAISHAMYAM,RASAVAHASROTOVIKARAH,,VATOLBANASANNIPATAJVARAH
VIKARAH,SROTOVAISHAMYAM,RASAVAHASROTOVIKARAH,,PITTOLBANASANNIPATAJVARAH
VIKARAH,SROTOVAISHAMYAM,RASAVAHASROTOVIKARAH,,KAPOLBANA-SANNIPATAJVARAH
VIKARAH,SROTOVAISHAMYAM,RASAVAHASROTOVIKARAH,,VATAPITTOLBANA-SANNIPATAJVARAH
VIKARAH,SROTOVAISHAMYAM,RASAVAHASROTOVIKARAH,,VATAKAPOLBANA-SANNIPATAJVARAH
VIKARAH,SROTOVAISHAMYAM,RASAVAHASROTOVIKARAH,,PITTAKAPOLBANA-SANNIPATAJVARAH
VIKARAH,SROTOVAISHAMYAM,RASAVAHASROTOVIKARAH,,HINAVATA-MADHYAPITTA-VRUDDHAKAPA-SANNIPATAJVARAH
VIKARAH,SROTOVAISHAMYAM,RASAVAHASROTOVIKARAH,,HINAVATA-MADHYAKAPA-VRUDDHAPITTA-SANNIPATAJVARAH
VIKARAH,SROTOVAISHAMYAM,RASAVAHASROTOVIKARAH,,HINAPITTA-MADHYAVATA-VRUDDHAKAPA-SANNIPATAJVARAH
VIKARAH,SROTOVAISHAMYAM,RASAVAHASROTOVIKARAH,,HINAPITTA-MADHYAKAPA-VRUDDHAVATA-SANNIPATAJVARAH
VIKARAH,SROTOVAISHAMYAM,RASAVAHASROTOVIKARAH,,HINAKAPA-MADHYAVATA-VRUDDHAPITTA-SANNIPATAJVARAH
VIKARAH,SROTOVAISHAMYAM,RASAVAHASROTOVIKARAH,,HINAKAPA-MADHYAPITTA-VRUDDHAVATA-SANNIPATAJVARAH
VIKARAH,SROTOVAISHAMYAM,RASAVAHASROTOVIKARAH,,VATAPITTAKAPAVRUDDHA-SANNIPATAJVARAH
VIKARAH,SROTOVAISHAMYAM,RASAVAHASROTOVIKARAH,,PRORNUNAVA-SANNIPATAJAJVARAH
VIKARAH,SROTOVAISHAMYAM,RASAVAHASROTOVIKARAH,,PRALAPI-SANNIPATAJAJVARAH
VIKARAH,SROTOVAISHAMYAM,RASAVAHASROTOVIKARAH,,ANTARDAHI-SANNIPATAJVARAH
VIKARAH,SROTOVAISHAMYAM,RASAVAHASROTOVIKARAH,,DANDAPATA-SANNIPATAJAJVARAH
VIKARAH,SROTOVAISHAMYAM,RASAVAHASROTOVIKARAH,,ANTAKA-SANNIPATAJVARAH
VIKARAH,SROTOVAISHAMYAM,RASAVAHASROTOVIKARAH,,ENIDAHA-SANNIPATAJAJVARAH
VIKARAH,SROTOVAISHAMYAM,RASAVAHASROTOVIKARAH,,HARIDRA-SANNIPATAJVARAH
VIKARAH,SROTOVAISHAMYAM,RASAVAHASROTOVIKARAH,,AJAGHOSHA-SANNIPATAJAJVARAH
VIKARAH,SROTOVAISHAMYAM,RASAVAHASROTOVIKARAH,,BUTAHASA-SANNIPATAJAJVARAH
VIKARAH,SROTOVAISHAMYAM,RASAVAHASROTOVIKARAH,,YANTRAPIDA-SANNIPATAJAJVARAH
VIKARAH,SROTOVAISHAMYAM,RASAVAHASROTOVIKARAH,,SAMSOSHI-SANNIPATAJVARAH
VIKARAH,SROTOVAISHAMYAM,RASAVAHASROTOVIKARAH,,SITANGA-SANNIPATAJAJVARAH
VIKARAH,SROTOVAISHAMYAM,RASAVAHASROTOVIKARAH,,TANDRIKA-SANNIPATAJAJVARAH
VIKARAH,SROTOVAISHAMYAM,RASAVAHASROTOVIKARAH,,PRALAPAKA-SANNIPATAJAJVARAH
VIKARAH,SROTOVAISHAMYAM,RASAVAHASROTOVIKARAH,,RAKTASHTHIVI-SANNIPATAJAJVARAH
VIKARAH,SROTOVAISHAMYAM,RASAVAHASROTOVIKARAH,,ABINYASA-SANNIPATAJAJVARAH
VIKARAH,SROTOVAISHAMYAM,RASAVAHASROTOVIKARAH,,JIHVAKA-SANNIPATAJAJVARAH
VIKARAH,SROTOVAISHAMYAM,RASAVAHASROTOVIKARAH,,SANDHIGA-SANNIPATAJVARAH
VIKARAH,SROTOVAISHAMYAM,RASAVAHASROTOVIKARAH,,RUGDAHA-SANNIPATAJAJVARAH
VIKARAH,SROTOVAISHAMYAM,RASAVAHASROTOVIKARAH,,CITTAVIBRAMA-SANNIPATAJAJVARAH
VIKARAH,SROTOVAISHAMYAM,RASAVAHASROTOVIKARAH,,KARNIKA-SANNIPATAJVARAH
VIKARAH,SROTOVAISHAMYAM,RASAVAHASROTOVIKARAH,,KANTHAKUBJA-SANNIPATAJVARAH
VIKARAH,SROTOVAISHAMYAM,RASAVAHASROTOVIKARAH,,BUGNANETRA-SANNIPATAJAJVARAH
VIKARAH,SROTOVAISHAMYAM,RASAVAHASROTOVIKARAH,,KUMBIPAKA-SANNIPATAJAJVARAH
VIKARAH,SROTOVAISHAMYAM,RASAVAHASROTOVIKARAH,,ASADHYA-SANNIPATAJVARAH
VIKARAH,SROTOVAISHAMYAM,RASAVAHASROTOVIKARAH,,HATAUJAH
VIKARAH,SROTOVAISHAMYAM,RASAVAHASROTOVIKARAH,,SAMNYASA-SANNIPATAJAJVARAH
VIKARAH,SROTOVAISHAMYAM,RASAVAHASROTOVIKARAH,,SAMASANNIPATAJVARAH
VIKARAH,SROTOVAISHAMYAM,RASAVAHASROTOVIKARAH,,VISHAMASANNIPATAJVARAH
VIKARAH,SROTOVAISHAMYAM,RASAVAHASROTOVIKARAH,,SANNIPATA-JVAROPADRAVAH
VIKARAH,SROTOVAISHAMYAM,RASAVAHASROTOVIKARAH,,AGANTUJVARAH
VIKARAH,SROTOVAISHAMYAM,RASAVAHASROTOVIKARAH,,ABIGHATAJAJVARAH
VIKARAH,SROTOVAISHAMYAM,RASAVAHASROTOVIKARAH,,SRAMAJANYAJVARAH
VIKARAH,SROTOVAISHAMYAM,RASAVAHASROTOVIKARAH,,CEDAJANYAJVARAH
VIKARAH,SROTOVAISHAMYAM,RASAVAHASROTOVIKARAH,,KSHATAJANYAJVARAH
VIKARAH,SROTOVAISHAMYAM,RASAVAHASROTOVIKARAH,,DAHAJANYAJVARAH
VIKARAH,SROTOVAISHAMYAM,RASAVAHASROTOVIKARAH,,ABICARAJA-JVARAH
VIKARAH,SROTOVAISHAMYAM,RASAVAHASROTOVIKARAH,,ABISAPAJANYAJVARAH
VIKARAH,SROTOVAISHAMYAM,RASAVAHASROTOVIKARAH,,ABISHANGAJA-JVARAH
VIKARAH,SROTOVAISHAMYAM,RASAVAHASROTOVIKARAH,,GRAHAVESAJANYAJVARAH
VIKARAH,SROTOVAISHAMYAM,RASAVAHASROTOVIKARAH,,KAMAJAJVARAH
VIKARAH,SROTOVAISHAMYAM,RASAVAHASROTOVIKARAH,,BAYAJAJVARAH
VIKARAH,SROTOVAISHAMYAM,RASAVAHASROTOVIKARAH,,SOKAJAJVARAH
VIKARAH,SROTOVAISHAMYAM,RASAVAHASROTOVIKARAH,,KRODHAJAJVARAH
VIKARAH,SROTOVAISHAMYAM,RASAVAHASROTOVIKARAH,,VISHAJAJVARAH
VIKARAH,SROTOVAISHAMYAM,RASAVAHASROTOVIKARAH,,AUSHADHIGANDHAJAJVARAH
VIKARAH,SROTOVAISHAMYAM,RASAVAHASROTOVIKARAH,,BUTABISHANGAJVARA
VIKARAH,SROTOVAISHAMYAM,RASAVAHASROTOVIKARAH,,VISHAMAJVARAH
VIKARAH,SROTOVAISHAMYAM,RASAVAHASROTOVIKARAH,,SATATA-VISHAMAJVARAH
VIKARAH,SROTOVAISHAMYAM,RASAVAHASROTOVIKARAH,,SANTATA-VISHAMAJVARAH
VIKARAH,SROTOVAISHAMYAM,RASAVAHASROTOVIKARAH,,ANYEDYUSHKA-VISHAMAJVARAH
VIKARAH,SROTOVAISHAMYAM,RASAVAHASROTOVIKARAH,,TRUTIYAKA-VISHAMAJVARAH
VIKARAH,SROTOVAISHAMYAM,RASAVAHASROTOVIKARAH,,KAPAPITTATRUTIYAKAJVARAH
VIKARAH,SROTOVAISHAMYAM,RASAVAHASROTOVIKARAH,,VATAKAPATRUTIYAKAJVARAH
VIKARAH,SROTOVAISHAMYAM,RASAVAHASROTOVIKARAH,,VATAPITTATRUTIYAKAJVARAH
VIKARAH,SROTOVAISHAMYAM,RASAVAHASROTOVIKARAH,,CATURTHAKA-VISHAMAJVARAH
VIKARAH,SROTOVAISHAMYAM,RASAVAHASROTOVIKARAH,,VATAJACATURTHAKAJVARAH
VIKARAH,SROTOVAISHAMYAM,RASAVAHASROTOVIKARAH,,PITTAJACATURTHAKAJVARAH
VIKARAH,SROTOVAISHAMYAM,RASAVAHASROTOVIKARAH,,KAPAJACATURTHAKAJVARAH
VIKARAH,SROTOVAISHAMYAM,RASAVAHASROTOVIKARAH,,CATURTHAKAVIPARYAYA-VISHAMAJVARAH
VIKARAH,SROTOVAISHAMYAM,RASAVAHASROTOVIKARAH,,DHATUGATAJVARAH
VIKARAH,SROTOVAISHAMYAM,RASAVAHASROTOVIKARAH,,RASA-DHATUGATAJVARAH
VIKARAH,SROTOVAISHAMYAM,RASAVAHASROTOVIKARAH,,RAKTA-DHATUGATAJVARAH
VIKARAH,SROTOVAISHAMYAM,RASAVAHASROTOVIKARAH,,MAMSA-DHATUGATAJVARAH
VIKARAH,SROTOVAISHAMYAM,RASAVAHASROTOVIKARAH,,MEDA-DHATUGATAJVARAH
VIKARAH,SROTOVAISHAMYAM,RASAVAHASROTOVIKARAH,,ASTHI-DHATUGATAJVARAH
VIKARAH,SROTOVAISHAMYAM,RASAVAHASROTOVIKARAH,,MAJJA-DHATUGATAJVARAH
VIKARAH,SROTOVAISHAMYAM,RASAVAHASROTOVIKARAH,,SUKRA-DHATUGATAJVARAH
VIKARAH,SROTOVAISHAMYAM,RASAVAHASROTOVIKARAH,,AMAJAJVARAH
VIKARAH,SROTOVAISHAMYAM,RASAVAHASROTOVIKARAH,,PACYAMANAJVARAH
VIKARAH,SROTOVAISHAMYAM,RASAVAHASROTOVIKARAH,,NIRAMAJVARAH
VIKARAH,SROTOVAISHAMYAM,RASAVAHASROTOVIKARAH,,ANTARVEGAJVARAH
VIKARAH,SROTOVAISHAMYAM,RASAVAHASROTOVIKARAH,,BAHIRVEGAJVARAH
VIKARAH,SROTOVAISHAMYAM,RASAVAHASROTOVIKARAH,,BAHYAJVARAH
VIKARAH,SROTOVAISHAMYAM,RASAVAHASROTOVIKARAH,,ANTARASRAYAJVARAH
VIKARAH,SROTOVAISHAMYAM,RASAVAHASROTOVIKARAH,,GAMBIRAJVARAH
VIKARAH,SROTOVAISHAMYAM,RASAVAHASROTOVIKARAH,,VATABALASAJVARAH
VIKARAH,SROTOVAISHAMYAM,RASAVAHASROTOVIKARAH,,PUNARAVARTAKA-JVARAH
VIKARAH,SROTOVAISHAMYAM,RASAVAHASROTOVIKARAH,,SVASANAKA-JVARAH
VIKARAH,SROTOVAISHAMYAM,RASAVAHASROTOVIKARAH,,SITADI-JVARAH
VIKARAH,SROTOVAISHAMYAM,RASAVAHASROTOVIKARAH,,SAUMYA-JVARAH
VIKARAH,SROTOVAISHAMYAM,RASAVAHASROTOVIKARAH,,ASADHYA-JVARAH
VIKARAH,SROTOVAISHAMYAM,RASAVAHASROTOVIKARAH,,KOPAJAJVARAH
VIKARAH,SROTOVAISHAMYAM,RASAVAHASROTOVIKARAH,,JVARA-ARISHTAH
VIKARAH,SROTOVAISHAMYAM,RASAVAHASROTOVIKARAH,,STANYADUSHTIH/KSHIRADOSHAH
VIKARAH,SROTOVAISHAMYAM,RASAVAHASROTOVIKARAH,,VATAJAKSHIRADOSHAH
VIKARAH,SROTOVAISHAMYAM,RASAVAHASROTOVIKARAH,,VAIRASYA-KSHIRADOSHAH
VIKARAH,SROTOVAISHAMYAM,RASAVAHASROTOVIKARAH,,PENILA-KSHIRADOSHAH
VIKARAH,SROTOVAISHAMYAM,RASAVAHASROTOVIKARAH,,RUKSHA-KSHIRADOSHAH
VIKARAH,SROTOVAISHAMYAM,RASAVAHASROTOVIKARAH,,PITTAJAKSHIRADOSHAH
VIKARAH,SROTOVAISHAMYAM,RASAVAHASROTOVIKARAH,,VAIVARNYA-KSHIRADOSHAH
VIKARAH,SROTOVAISHAMYAM,RASAVAHASROTOVIKARAH,,DAURGANDHYA-KSHIRADOSHAH
VIKARAH,SROTOVAISHAMYAM,RASAVAHASROTOVIKARAH,,KAPAJAKSHIRADOSHAH
VIKARAH,SROTOVAISHAMYAM,RASAVAHASROTOVIKARAH,,SNIGDHA-KSHIRADOSHAH
VIKARAH,SROTOVAISHAMYAM,RASAVAHASROTOVIKARAH,,PAICCILYA-KSHIRADOSHAH
VIKARAH,SROTOVAISHAMYAM,RASAVAHASROTOVIKARAH,,GAURAVA-KSHIRADOSHAH
VIKARAH,SROTOVAISHAMYAM,RASAVAHASROTOVIKARAH,,SANNIPATAJAKSHIRADOSHAH
VIKARAH,SROTOVAISHAMYAM,RASAVAHASROTOVIKARAH,,STANYAVAHA-SROTODUSHTI
VIKARAH,SROTOVAISHAMYAM,RASAVAHASROTOVIKARAH,,PANDUROGAH
VIKARAH,SROTOVAISHAMYAM,RASAVAHASROTOVIKARAH,,PANDU-PURVARUPAM
VIKARAH,SROTOVAISHAMYAM,RASAVAHASROTOVIKARAH,,VATAJAPANDUROGAH
VIKARAH,SROTOVAISHAMYAM,RASAVAHASROTOVIKARAH,,PITTAJAPANDUROGAH
VIKARAH,SROTOVAISHAMYAM,RASAVAHASROTOVIKARAH,,KAPAJAPANDUROGAH
VIKARAH,SROTOVAISHAMYAM,RASAVAHASROTOVIKARAH,,SANNIPATAJAPANDUROGAH
VIKARAH,SROTOVAISHAMYAM,RASAVAHASROTOVIKARAH,,MRUDBAKSHANAJANYA PANDUROGAH/KRUMIJAPANDUROGAH
VIKARAH,SROTOVAISHAMYAM,RASAVAHASROTOVIKARAH,,PANAKI
VIKARAH,SROTOVAISHAMYAM,RASAVAHASROTOVIKARAH,,ASADHYA-PANDUROGAH
VIKARAH,SROTOVAISHAMYAM,RASAVAHASROTOVIKARAH,,PANDU-UPADRAVAH
VIKARAH,SROTOVAISHAMYAM,RASAVAHASROTOVIKARAH,,PANDU-ARISHTAH
VIKARAH,SROTOVAISHAMYAM,RASAVAHASROTOVIKARAH,,AMAVATAH
VIKARAH,SROTOVAISHAMYAM,RASAVAHASROTOVIKARAH,,VATIKA-AMAVATAH
VIKARAH,SROTOVAISHAMYAM,RASAVAHASROTOVIKARAH,,PAITTIKA-AMAVATAH
VIKARAH,SROTOVAISHAMYAM,RASAVAHASROTOVIKARAH,,KAPAJA-AMAVATAH
VIKARAH,SROTOVAISHAMYAM,RASAVAHASROTOVIKARAH,,ATIVRUDDHA-AMAVATAH
VIKARAH,SROTOVAISHAMYAM,RASAVAHASROTOVIKARAH,,ARUCIH
VIKARAH,SROTOVAISHAMYAM,RASAVAHASROTOVIKARAH,,KESAROGAH
VIKARAH,SROTOVAISHAMYAM,RAKTAVAHASROTOVIKARAH,,RAKTAVAHASROTODUSHTIH
VIKARAH,SROTOVAISHAMYAM,RAKTAVAHASROTOVIKARAH,,SONITAJANYAROGAH
VIKARAH,SROTOVAISHAMYAM,RAKTAVAHASROTOVIKARAH,,VIDAHAH
VIKARAH,SROTOVAISHAMYAM,RAKTAVAHASROTOVIKARAH,,KANDUH
VIKARAH,SROTOVAISHAMYAM,RAKTAVAHASROTOVIKARAH,,KRODHAPRACURATA
VIKARAH,SROTOVAISHAMYAM,RAKTAVAHASROTOVIKARAH,,KLAMAH
VIKARAH,SROTOVAISHAMYAM,RAKTAVAHASROTOVIKARAH,,GURUGATRATA
VIKARAH,SROTOVAISHAMYAM,RAKTAVAHASROTOVIKARAH,,TANDRATIYOGAH
VIKARAH,SROTOVAISHAMYAM,RAKTAVAHASROTOVIKARAH,,TAMAPRAVESAH/TAMAH-ATIDARSANAM
VIKARAH,SROTOVAISHAMYAM,RAKTAVAHASROTOVIKARAH,,NIDRANASAH/ASVAPNAH
VIKARAH,SROTOVAISHAMYAM,RAKTAVAHASROTOVIKARAH,,PIDAKA
VIKARAH,SROTOVAISHAMYAM,RAKTAVAHASROTOVIKARAH,,PIPASA
VIKARAH,SROTOVAISHAMYAM,RAKTAVAHASROTOVIKARAH,,PUTIGANDHATA
VIKARAH,SROTOVAISHAMYAM,RAKTAVAHASROTOVIKARAH,,PUTIGHRANAGANDHATA
VIKARAH,SROTOVAISHAMYAM,RAKTAVAHASROTOVIKARAH,,PRAMILAKAH
VIKARAH,SROTOVAISHAMYAM,RAKTAVAHASROTOVIKARAH,,BUDDHISAMMOHAH
VIKARAH,SROTOVAISHAMYAM,RAKTAVAHASROTOVIKARAH,,LAVANASYATA
VIKARAH,SROTOVAISHAMYAM,RAKTAVAHASROTOVIKARAH,,VIVARNATA
VIKARAH,SROTOVAISHAMYAM,RAKTAVAHASROTOVIKARAH,,SVARAKSHAYAH
VIKARAH,SROTOVAISHAMYAM,RAKTAVAHASROTOVIKARAH,,SARIRADAURGANDHYAM
VIKARAH,SROTOVAISHAMYAM,RAKTAVAHASROTOVIKARAH,,SIRORUK
VIKARAH,SROTOVAISHAMYAM,RAKTAVAHASROTOVIKARAH,,SANTAPAH
VIKARAH,SROTOVAISHAMYAM,RAKTAVAHASROTOVIKARAH,,RAKTAPAKAH
VIKARAH,SROTOVAISHAMYAM,RAKTAVAHASROTOVIKARAH,,KAMALA
VIKARAH,SROTOVAISHAMYAM,RAKTAVAHASROTOVIKARAH,,KOSHTHASRITA-KAMALA
VIKARAH,SROTOVAISHAMYAM,RAKTAVAHASROTOVIKARAH,,KUMBAKAMALA
VIKARAH,SROTOVAISHAMYAM,RAKTAVAHASROTOVIKARAH,,SAKHASRITA-KAMALA
VIKARAH,SROTOVAISHAMYAM,RAKTAVAHASROTOVIKARAH,,LAGHARAKAH/ALASAH
VIKARAH,SROTOVAISHAMYAM,RAKTAVAHASROTOVIKARAH,,HALIMAKAH (LODHARAH)
VIKARAH,SROTOVAISHAMYAM,RAKTAVAHASROTOVIKARAH,,ASADHYA-KAMALA
VIKARAH,SROTOVAISHAMYAM,RAKTAVAHASROTOVIKARAH,,ASADHYA-KUMBAKAMALA
VIKARAH,SROTOVAISHAMYAM,RAKTAVAHASROTOVIKARAH,,KAMALA-ARISHTAH
VIKARAH,SROTOVAISHAMYAM,RAKTAVAHASROTOVIKARAH,,KUSHTHAM
VIKARAH,SROTOVAISHAMYAM,RAKTAVAHASROTOVIKARAH,,KUSHTHA-PURVARUPAM
VIKARAH,SROTOVAISHAMYAM,RAKTAVAHASROTOVIKARAH,,MAHAKUSHTHAH
VIKARAH,SROTOVAISHAMYAM,RAKTAVAHASROTOVIKARAH,,KAPALAH/ARUNA-KUSHTHAH/VATIKAKUSHTHAH
VIKARAH,SROTOVAISHAMYAM,RAKTAVAHASROTOVIKARAH,,KAPALAKAKUSHTHAM
VIKARAH,SROTOVAISHAMYAM,RAKTAVAHASROTOVIKARAH,,UDUMBARA-KUSHTHAH/PAITTIKA-KUSHTHAH
VIKARAH,SROTOVAISHAMYAM,RAKTAVAHASROTOVIKARAH,,MANDALAKUSHTHAH/KAPAJAKUSHTHAH
VIKARAH,SROTOVAISHAMYAM,RAKTAVAHASROTOVIKARAH,,RUSHYAJIHVAKAH
VIKARAH,SROTOVAISHAMYAM,RAKTAVAHASROTOVIKARAH,,PUNDARIKAH
VIKARAH,SROTOVAISHAMYAM,RAKTAVAHASROTOVIKARAH,,SIDHMAH
VIKARAH,SROTOVAISHAMYAM,RAKTAVAHASROTOVIKARAH,,KAKANAKAH
VIKARAH,SROTOVAISHAMYAM,RAKTAVAHASROTOVIKARAH,,KSHUDRAKUSHTHAM
VIKARAH,SROTOVAISHAMYAM,RAKTAVAHASROTOVIKARAH,,EKAKUSHTHAH
VIKARAH,SROTOVAISHAMYAM,RAKTAVAHASROTOVIKARAH,,CARMAKUSHTHAH
VIKARAH,SROTOVAISHAMYAM,RAKTAVAHASROTOVIKARAH,,KITIBAH
VIKARAH,SROTOVAISHAMYAM,RAKTAVAHASROTOVIKARAH,,VIPADIKA
VIKARAH,SROTOVAISHAMYAM,RAKTAVAHASROTOVIKARAH,,ALASAKAKUSHTHAH/ALASAKUSHTHAH
VIKARAH,SROTOVAISHAMYAM,RAKTAVAHASROTOVIKARAH,,DADRU-KUSHTHAH
VIKARAH,SROTOVAISHAMYAM,RAKTAVAHASROTOVIKARAH,,CARMADALA-KUSHTHAH
VIKARAH,SROTOVAISHAMYAM,RAKTAVAHASROTOVIKARAH,,PAMA (KACCU)
VIKARAH,SROTOVAISHAMYAM,RAKTAVAHASROTOVIKARAH,,SATARU-KUSHTHAH
VIKARAH,SROTOVAISHAMYAM,RAKTAVAHASROTOVIKARAH,,VICARCIKA
VIKARAH,SROTOVAISHAMYAM,RAKTAVAHASROTOVIKARAH,,STHULARUSHKA
VIKARAH,SROTOVAISHAMYAM,RAKTAVAHASROTOVIKARAH,,DHATUGATAKUSHTHAH
VIKARAH,SROTOVAISHAMYAM,RAKTAVAHASROTOVIKARAH,,TVAGGATAKUSHTHAH
VIKARAH,SROTOVAISHAMYAM,RAKTAVAHASROTOVIKARAH,,RAKTAGATAKUSHTHAH
VIKARAH,SROTOVAISHAMYAM,RAKTAVAHASROTOVIKARAH,,MAMSAGATAKUSHTHAH
VIKARAH,SROTOVAISHAMYAM,RAKTAVAHASROTOVIKARAH,,MEDOGATAKUSHTHAH
VIKARAH,SROTOVAISHAMYAM,RAKTAVAHASROTOVIKARAH,,ASTHIGATAKUSHTHAH
VIKARAH,SROTOVAISHAMYAM,RAKTAVAHASROTOVIKARAH,,MAJJAGATAKUSHTHAH
VIKARAH,SROTOVAISHAMYAM,RAKTAVAHASROTOVIKARAH,,SUKRAGATAKUSHTHAH
VIKARAH,SROTOVAISHAMYAM,RAKTAVAHASROTOVIKARAH,,ASADHYAKUSHTHAH
VIKARAH,SROTOVAISHAMYAM,RAKTAVAHASROTOVIKARAH,,KUSHTHA-UPADRAVAH
VIKARAH,SROTOVAISHAMYAM,RAKTAVAHASROTOVIKARAH,,KUSHTHA-ARISHTAH
VIKARAH,SROTOVAISHAMYAM,RAKTAVAHASROTOVIKARAH,,SVITRAH
VIKARAH,SROTOVAISHAMYAM,RAKTAVAHASROTOVIKARAH,,VATIKA-SVITRAH
VIKARAH,SROTOVAISHAMYAM,RAKTAVAHASROTOVIKARAH,,PAITTIKA-SVITRAH/KILASAH
VIKARAH,SROTOVAISHAMYAM,RAKTAVAHASROTOVIKARAH,,KAPAJASVITRAH/KILASAH
VIKARAH,SROTOVAISHAMYAM,RAKTAVAHASROTOVIKARAH,,RAKTAJASVITRAH-DARUNAH
VIKARAH,SROTOVAISHAMYAM,RAKTAVAHASROTOVIKARAH,,MAMSAJASVITRAH-CARUNAH
VIKARAH,SROTOVAISHAMYAM,RAKTAVAHASROTOVIKARAH,,MEDOJASVITRAH
VIKARAH,SROTOVAISHAMYAM,RAKTAVAHASROTOVIKARAH,,ASADHYAKILASA
VIKARAH,SROTOVAISHAMYAM,RAKTAVAHASROTOVIKARAH,,MASURIKA
VIKARAH,SROTOVAISHAMYAM,RAKTAVAHASROTOVIKARAH,,MASURIKAPURVARUPAM
VIKARAH,SROTOVAISHAMYAM,RAKTAVAHASROTOVIKARAH,,VATAJAMASURIKA
VIKARAH,SROTOVAISHAMYAM,RAKTAVAHASROTOVIKARAH,,PITTAJAMASURIKA
VIKARAH,SROTOVAISHAMYAM,RAKTAVAHASROTOVIKARAH,,KAPAJAMASURIKA
VIKARAH,SROTOVAISHAMYAM,RAKTAVAHASROTOVIKARAH,,TRIDOSHAJAMASURIKA
VIKARAH,SROTOVAISHAMYAM,RAKTAVAHASROTOVIKARAH,,RAKTAJAMASURIKA
VIKARAH,SROTOVAISHAMYAM,RAKTAVAHASROTOVIKARAH,,SAPTADHATUGATAMASURIKA
VIKARAH,SROTOVAISHAMYAM,RAKTAVAHASROTOVIKARAH,,TVAKGATAMASURIKA/RASADHATUGATAMASURIKA
VIKARAH,SROTOVAISHAMYAM,RAKTAVAHASROTOVIKARAH,,RAKTAJAMASURIKA
VIKARAH,SROTOVAISHAMYAM,RAKTAVAHASROTOVIKARAH,,MAMSAGATAMASURIKA
VIKARAH,SROTOVAISHAMYAM,RAKTAVAHASROTOVIKARAH,,MEDOGATAMASURIKA
VIKARAH,SROTOVAISHAMYAM,RAKTAVAHASROTOVIKARAH,,ASTHIGATAMASURIKA
VIKARAH,SROTOVAISHAMYAM,RAKTAVAHASROTOVIKARAH,,MAJJAGATAMASURIKA
VIKARAH,SROTOVAISHAMYAM,RAKTAVAHASROTOVIKARAH,,SUKRAGATAMASURIKA
VIKARAH,SROTOVAISHAMYAM,RAKTAVAHASROTOVIKARAH,,LAGHU-MASURIKA
VIKARAH,SROTOVAISHAMYAM,RAKTAVAHASROTOVIKARAH,,ASADHYA-MASURIKA
VIKARAH,SROTOVAISHAMYAM,RAKTAVAHASROTOVIKARAH,,RAKTAPITTAM
VIKARAH,SROTOVAISHAMYAM,RAKTAVAHASROTOVIKARAH,,RAKTAPITTA-PURVARUPAM
VIKARAH,SROTOVAISHAMYAM,RAKTAVAHASROTOVIKARAH,,URDHVAGA-RAKTAPITTAM
VIKARAH,SROTOVAISHAMYAM,RAKTAVAHASROTOVIKARAH,,ADHOGA-RAKTAPITTAM
VIKARAH,SROTOVAISHAMYAM,RAKTAVAHASROTOVIKARAH,,UBAYAGA-RAKTAPITTAM
VIKARAH,SROTOVAISHAMYAM,RAKTAVAHASROTOVIKARAH,,VATAJARAKTAPITTAM
VIKARAH,SROTOVAISHAMYAM,RAKTAVAHASROTOVIKARAH,,PITTAJARAKTAPITTAM
VIKARAH,SROTOVAISHAMYAM,RAKTAVAHASROTOVIKARAH,,KAPAJARAKTAPITTAM
VIKARAH,SROTOVAISHAMYAM,RAKTAVAHASROTOVIKARAH,,SANNIPATIKA-RAKTAPITTAM
VIKARAH,SROTOVAISHAMYAM,RAKTAVAHASROTOVIKARAH,,ASADHYARAKTAPITTAM
VIKARAH,SROTOVAISHAMYAM,RAKTAVAHASROTOVIKARAH,,RAKTAPITTA-UPADRAVAH
VIKARAH,SROTOVAISHAMYAM,RAKTAVAHASROTOVIKARAH,,RAKTAPITTA-ARISHTAH
VIKARAH,SROTOVAISHAMYAM,RAKTAVAHASROTOVIKARAH,,VATARAKTAM
VIKARAH,SROTOVAISHAMYAM,RAKTAVAHASROTOVIKARAH,,VATARAKTA-PURVARUPAM
VIKARAH,SROTOVAISHAMYAM,RAKTAVAHASROTOVIKARAH,,UTTANA-VATARAKTAM
VIKARAH,SROTOVAISHAMYAM,RAKTAVAHASROTOVIKARAH,,GAMBIRA-VATARAKTAM
VIKARAH,SROTOVAISHAMYAM,RAKTAVAHASROTOVIKARAH,,UBAYAJAVATARAKTA
VIKARAH,SROTOVAISHAMYAM,RAKTAVAHASROTOVIKARAH,,DOSHAJAVATARAKTAM
VIKARAH,SROTOVAISHAMYAM,RAKTAVAHASROTOVIKARAH,,VATAJAVATARAKTAM
VIKARAH,SROTOVAISHAMYAM,RAKTAVAHASROTOVIKARAH,,PITTAJA-VATARAKTAM
VIKARAH,SROTOVAISHAMYAM,RAKTAVAHASROTOVIKARAH,,KAPAJAVATARAKTAM
VIKARAH,SROTOVAISHAMYAM,RAKTAVAHASROTOVIKARAH,,RAKTAJAVATARAKTAM
VIKARAH,SROTOVAISHAMYAM,RAKTAVAHASROTOVIKARAH,,DVIDOSHAJA-VATARAKTAM
VIKARAH,SROTOVAISHAMYAM,RAKTAVAHASROTOVIKARAH,,TRIDOSHAJAVATARAKTAM
VIKARAH,SROTOVAISHAMYAM,RAKTAVAHASROTOVIKARAH,,KRUCCRASADHYA-VATARAKTAM
VIKARAH,SROTOVAISHAMYAM,RAKTAVAHASROTOVIKARAH,,ASADHYA-VATARAKTAM
VIKARAH,SROTOVAISHAMYAM,RAKTAVAHASROTOVIKARAH,,VATARAKTA-UPADRAVAH
VIKARAH,SROTOVAISHAMYAM,RAKTAVAHASROTOVIKARAH,,VATARAKTA-ARISHTAH
VIKARAH,SROTOVAISHAMYAM,RAKTAVAHASROTOVIKARAH,,VIDRADHIH
VIKARAH,SROTOVAISHAMYAM,RAKTAVAHASROTOVIKARAH,,VATAJAVIDRADHIH
VIKARAH,SROTOVAISHAMYAM,RAKTAVAHASROTOVIKARAH,,PITTAJAVIDRADHIH
VIKARAH,SROTOVAISHAMYAM,RAKTAVAHASROTOVIKARAH,,KAPAJAVIDRADHIH
VIKARAH,SROTOVAISHAMYAM,RAKTAVAHASROTOVIKARAH,,SANNIPATAJAVIDRADHIH
VIKARAH,SROTOVAISHAMYAM,RAKTAVAHASROTOVIKARAH,,RAKTAJAVIDRADHIH
VIKARAH,SROTOVAISHAMYAM,RAKTAVAHASROTOVIKARAH,,BAHYAVIDRADHIH
VIKARAH,SROTOVAISHAMYAM,RAKTAVAHASROTOVIKARAH,,ANTARVIDRADHIH
VIKARAH,SROTOVAISHAMYAM,RAKTAVAHASROTOVIKARAH,,GUDAJAVIDRADHIH
VIKARAH,SROTOVAISHAMYAM,RAKTAVAHASROTOVIKARAH,,BASTIJAVIDRADHIH
VIKARAH,SROTOVAISHAMYAM,RAKTAVAHASROTOVIKARAH,,NABIVIDRADHIH
VIKARAH,SROTOVAISHAMYAM,RAKTAVAHASROTOVIKARAH,,KUKSHIVIDRADHIH
VIKARAH,SROTOVAISHAMYAM,RAKTAVAHASROTOVIKARAH,,VANKSHANAJA-VIDRADHIH
VIKARAH,SROTOVAISHAMYAM,RAKTAVAHASROTOVIKARAH,,VRUKKAJAVIDRADHIH
VIKARAH,SROTOVAISHAMYAM,RAKTAVAHASROTOVIKARAH,,PLIHAJAVIDRADHIH
VIKARAH,SROTOVAISHAMYAM,RAKTAVAHASROTOVIKARAH,,HRUD-VIDRADHIH/HRUDAYA-VIDRADHIH
VIKARAH,SROTOVAISHAMYAM,RAKTAVAHASROTOVIKARAH,,YAKRUJJAVIDRADHIH
VIKARAH,SROTOVAISHAMYAM,RAKTAVAHASROTOVIKARAH,,KLOMAJAVIDRADHIH
VIKARAH,SROTOVAISHAMYAM,RAKTAVAHASROTOVIKARAH,,KSHATAJA VIDRADHIH/AGANTUJA-VIDRADHIH
VIKARAH,SROTOVAISHAMYAM,RAKTAVAHASROTOVIKARAH,,URDHVAJAVIDRADHIH
VIKARAH,SROTOVAISHAMYAM,RAKTAVAHASROTOVIKARAH,,ADHOGA-VIDRADHIH
VIKARAH,SROTOVAISHAMYAM,RAKTAVAHASROTOVIKARAH,,PAKVA-VIDRADHIH
VIKARAH,SROTOVAISHAMYAM,RAKTAVAHASROTOVIKARAH,,ASADHYA-VIDRADHIH
VIKARAH,SROTOVAISHAMYAM,RAKTAVAHASROTOVIKARAH,,VIDRADHI-ARISHTAH
VIKARAH,SROTOVAISHAMYAM,RAKTAVAHASROTOVIKARAH,,VISARPAH
VIKARAH,SROTOVAISHAMYAM,RAKTAVAHASROTOVIKARAH,,BAHYASRAYA-VISARPAH
VIKARAH,SROTOVAISHAMYAM,RAKTAVAHASROTOVIKARAH,,ANTARASRAYA-VISARPAH
VIKARAH,SROTOVAISHAMYAM,RAKTAVAHASROTOVIKARAH,,UBAYASRAYA-VISARPAH
VIKARAH,SROTOVAISHAMYAM,RAKTAVAHASROTOVIKARAH,,VATAJAVISARPAH
VIKARAH,SROTOVAISHAMYAM,RAKTAVAHASROTOVIKARAH,,PITTAJAVISARPAH
VIKARAH,SROTOVAISHAMYAM,RAKTAVAHASROTOVIKARAH,,KAPAJAVISARPAH
VIKARAH,SROTOVAISHAMYAM,RAKTAVAHASROTOVIKARAH,,AGNIVISARPAH/VATAPITTAJAVISARPAH/AGNIDAHAJA-VISARPAH
VIKARAH,SROTOVAISHAMYAM,RAKTAVAHASROTOVIKARAH,,MARMAGATA-AGNIVISARPAM
VIKARAH,SROTOVAISHAMYAM,RAKTAVAHASROTOVIKARAH,,GRANTHIVISARPAH/VATAKAPAJAVISARPAH
VIKARAH,SROTOVAISHAMYAM,RAKTAVAHASROTOVIKARAH,,KARDAMAVISARPAH/PITTAKAPAJAVISARPAH
VIKARAH,SROTOVAISHAMYAM,RAKTAVAHASROTOVIKARAH,,SANNIPATAJAVISARPAH
VIKARAH,SROTOVAISHAMYAM,RAKTAVAHASROTOVIKARAH,,KSHATAJAVISARPAH
VIKARAH,SROTOVAISHAMYAM,RAKTAVAHASROTOVIKARAH,,ASADHYA-VISARPAH
VIKARAH,SROTOVAISHAMYAM,RAKTAVAHASROTOVIKARAH,,VISARPA-UPADRAVAH
VIKARAH,SROTOVAISHAMYAM,RAKTAVAHASROTOVIKARAH,,VISARPA-ARISHTAH
VIKARAH,SROTOVAISHAMYAM,RAKTAVAHASROTOVIKARAH,,PIRANGAH
VIKARAH,SROTOVAISHAMYAM,RAKTAVAHASROTOVIKARAH,,BAHYAPIRANGAH
VIKARAH,SROTOVAISHAMYAM,RAKTAVAHASROTOVIKARAH,,ABYANTARAPIRANGAH
VIKARAH,SROTOVAISHAMYAM,RAKTAVAHASROTOVIKARAH,,BAHIRANTARA-PIRANGAH
VIKARAH,SROTOVAISHAMYAM,RAKTAVAHASROTOVIKARAH,,PLIHAROGAH
VIKARAH,SROTOVAISHAMYAM,RAKTAVAHASROTOVIKARAH,,VATAJAPLIHAROGAH
VIKARAH,SROTOVAISHAMYAM,RAKTAVAHASROTOVIKARAH,,PITTAJAPLIHAROGAH
VIKARAH,SROTOVAISHAMYAM,RAKTAVAHASROTOVIKARAH,,KAPAJAPLIHAROGAH
VIKARAH,SROTOVAISHAMYAM,RAKTAVAHASROTOVIKARAH,,SANNIPATAJA-PLIHODARAH
VIKARAH,SROTOVAISHAMYAM,RAKTAVAHASROTOVIKARAH,,RAKTAJAPLIHAROGAH/RAKTAJA-PLIHODARAH
VIKARAH,SROTOVAISHAMYAM,RAKTAVAHASROTOVIKARAH,,ASADHYA-PLIHODARAH
VIKARAH,SROTOVAISHAMYAM,RAKTAVAHASROTOVIKARAH,,SLIPADAH
VIKARAH,SROTOVAISHAMYAM,RAKTAVAHASROTOVIKARAH,,VATAJASLIPADAH
VIKARAH,SROTOVAISHAMYAM,RAKTAVAHASROTOVIKARAH,,PITTAJASLIPADAH
VIKARAH,SROTOVAISHAMYAM,RAKTAVAHASROTOVIKARAH,,KAPAJASLIPADAH
VIKARAH,SROTOVAISHAMYAM,RAKTAVAHASROTOVIKARAH,,ASADHYA-SLIPADAH
VIKARAH,SROTOVAISHAMYAM,RAKTAVAHASROTOVIKARAH,,SITAPITTAM
VIKARAH,SROTOVAISHAMYAM,RAKTAVAHASROTOVIKARAH,,SITAPITTA-PURVARUPAM
VIKARAH,SROTOVAISHAMYAM,RAKTAVAHASROTOVIKARAH,,UDARDAH
VIKARAH,SROTOVAISHAMYAM,RAKTAVAHASROTOVIKARAH,,BAGANDARAH
VIKARAH,SROTOVAISHAMYAM,RAKTAVAHASROTOVIKARAH,,BAGANDARA-PURVARUPAM
VIKARAH,SROTOVAISHAMYAM,RAKTAVAHASROTOVIKARAH,,SATAPONAKABAGANDARAH/VATAJA-BAGANDARAH
VIKARAH,SROTOVAISHAMYAM,RAKTAVAHASROTOVIKARAH,,USHTRAGRIVA-BAGANDARAH/PITTAJA-BAGANDARAH
VIKARAH,SROTOVAISHAMYAM,RAKTAVAHASROTOVIKARAH,,PARISRAVI-BAGANDARAH/SLESHMAJA-BAGANDARAH
VIKARAH,SROTOVAISHAMYAM,RAKTAVAHASROTOVIKARAH,,PARIKSHEPI-BAGANDARAH/VATAPAITTIKA-BAGANDARAH
VIKARAH,SROTOVAISHAMYAM,RAKTAVAHASROTOVIKARAH,,RUJU-BAGANDARAH/VATAKAPAJA-BAGANDARAH
VIKARAH,SROTOVAISHAMYAM,RAKTAVAHASROTOVIKARAH,,ARSO-BAGANDARAH KAPAPITTA-BAGANDARAH
VIKARAH,SROTOVAISHAMYAM,RAKTAVAHASROTOVIKARAH,,SAMBUKAVARTA-BAGANDARAH/SANNIPATAJA-BAGANDARAH
VIKARAH,SROTOVAISHAMYAM,RAKTAVAHASROTOVIKARAH,,UNMARGAGAMI-BAGANDARAH/SALYAJANYA-BAGANDARAH/KSHATAJA-BAGANDARAH
VIKARAH,SROTOVAISHAMYAM,RAKTAVAHASROTOVIKARAH,,ASADHYA-BAGANDARAH
VIKARAH,SROTOVAISHAMYAM,RAKTAVAHASROTOVIKARAH,,BAGANDARA-ARISHTALAKSHANAM
VIKARAH,SROTOVAISHAMYAM,RAKTAVAHASROTOVIKARAH,,DAVATHUH
VIKARAH,SROTOVAISHAMYAM,RAKTAVAHASROTOVIKARAH,,SONITAKLEDAH
VIKARAH,SROTOVAISHAMYAM,RAKTAVAHASROTOVIKARAH,,SNAYUKAROGAH
VIKARAH,SROTOVAISHAMYAM,RAKTAVAHASROTOVIKARAH,,DAHAH
VIKARAH,SROTOVAISHAMYAM,RAKTAVAHASROTOVIKARAH,,RAKTAJADAHAH
VIKARAH,SROTOVAISHAMYAM,RAKTAVAHASROTOVIKARAH,,PITTAJA-DAHAH
VIKARAH,SROTOVAISHAMYAM,RAKTAVAHASROTOVIKARAH,,TRUSHNA-NIRODHAJADAHAH
VIKARAH,SROTOVAISHAMYAM,RAKTAVAHASROTOVIKARAH,,ASRUKPURNAKOSHTHAJADAHAH/RAKTAPURNAKOSHTHAJADAHAH
VIKARAH,SROTOVAISHAMYAM,RAKTAVAHASROTOVIKARAH,,DHATUKSHAYAJADAHAH
VIKARAH,SROTOVAISHAMYAM,RAKTAVAHASROTOVIKARAH,,KSHATAJADAHAH
VIKARAH,SROTOVAISHAMYAM,RAKTAVAHASROTOVIKARAH,,MARMABIGHATAJADAHAH
VIKARAH,SROTOVAISHAMYAM,MAMSAVAHASROTOVIKARAH,,MAMSAVAHASROTODUSHTIH
VIKARAH,SROTOVAISHAMYAM,MAMSAVAHASROTOVIKARAH,,ARBUDAH
VIKARAH,SROTOVAISHAMYAM,MAMSAVAHASROTOVIKARAH,,VATAJA-ARBUDAH
VIKARAH,SROTOVAISHAMYAM,MAMSAVAHASROTOVIKARAH,,PITTAJA-ARBUDAH
VIKARAH,SROTOVAISHAMYAM,MAMSAVAHASROTOVIKARAH,,KAPAJA-ARBUDAH
VIKARAH,SROTOVAISHAMYAM,MAMSAVAHASROTOVIKARAH,,RAKTAJA-ARBUDAH
VIKARAH,SROTOVAISHAMYAM,MAMSAVAHASROTOVIKARAH,,MAMSAJA-ARBUDAH
VIKARAH,SROTOVAISHAMYAM,MAMSAVAHASROTOVIKARAH,,MEDOJA-ARBUDAH
VIKARAH,SROTOVAISHAMYAM,MAMSAVAHASROTOVIKARAH,,ADHYARBUDAH/DVIRARBUDAH
VIKARAH,SROTOVAISHAMYAM,MAMSAVAHASROTOVIKARAH,,ARSAH
VIKARAH,SROTOVAISHAMYAM,MAMSAVAHASROTOVIKARAH,,ARSA-PURVARUPAM
VIKARAH,SROTOVAISHAMYAM,MAMSAVAHASROTOVIKARAH,,SUSHKA-ARSAH
VIKARAH,SROTOVAISHAMYAM,MAMSAVAHASROTOVIKARAH,,ARDRA-ARSAH
VIKARAH,SROTOVAISHAMYAM,MAMSAVAHASROTOVIKARAH,,VATAJA-ARSAH
VIKARAH,SROTOVAISHAMYAM,MAMSAVAHASROTOVIKARAH,,PITTAJA-ARSAH
VIKARAH,SROTOVAISHAMYAM,MAMSAVAHASROTOVIKARAH,,KAPAJA-ARSAH
VIKARAH,SROTOVAISHAMYAM,MAMSAVAHASROTOVIKARAH,,RAKTAJA-ARSAH
VIKARAH,SROTOVAISHAMYAM,MAMSAVAHASROTOVIKARAH,,VATANUBANDHARAKTA-ARSAH
VIKARAH,SROTOVAISHAMYAM,MAMSAVAHASROTOVIKARAH,,KAPANUBANDHA-RAKTARSAH
VIKARAH,SROTOVAISHAMYAM,MAMSAVAHASROTOVIKARAH,,DVANDVAJA-ARSAH
VIKARAH,SROTOVAISHAMYAM,MAMSAVAHASROTOVIKARAH,,SANNIPATAJA-ARSAH
VIKARAH,SROTOVAISHAMYAM,MAMSAVAHASROTOVIKARAH,,SAHAJA-ARSAH
VIKARAH,SROTOVAISHAMYAM,MAMSAVAHASROTOVIKARAH,,UTTARAKALAJA-ARSAH
VIKARAH,SROTOVAISHAMYAM,MAMSAVAHASROTOVIKARAH,,ASADHYA-ARSAH
VIKARAH,SROTOVAISHAMYAM,MAMSAVAHASROTOVIKARAH,,NABIJA-ARSAH
VIKARAH,SROTOVAISHAMYAM,MAMSAVAHASROTOVIKARAH,,MEDHRAJA-ARSAH
VIKARAH,SROTOVAISHAMYAM,MAMSAVAHASROTOVIKARAH,,MUKHARSAH
VIKARAH,SROTOVAISHAMYAM,MAMSAVAHASROTOVIKARAH,,NETRAJA-ARSAH
VIKARAH,SROTOVAISHAMYAM,MAMSAVAHASROTOVIKARAH,,ARSA-UPADRAVAH
VIKARAH,SROTOVAISHAMYAM,MAMSAVAHASROTOVIKARAH,,ARSA-ARISHTALAKSHANAM
VIKARAH,SROTOVAISHAMYAM,MAMSAVAHASROTOVIKARAH,,GRANTHIH
VIKARAH,SROTOVAISHAMYAM,MAMSAVAHASROTOVIKARAH,,VATAJAGRANTHIH
VIKARAH,SROTOVAISHAMYAM,MAMSAVAHASROTOVIKARAH,,PITTAJAGRANTHIH
VIKARAH,SROTOVAISHAMYAM,MAMSAVAHASROTOVIKARAH,,KAPAJAGRANTHIH
VIKARAH,SROTOVAISHAMYAM,MAMSAVAHASROTOVIKARAH,,MEDOJAGRANTHIH
VIKARAH,SROTOVAISHAMYAM,MAMSAVAHASROTOVIKARAH,,SIRAJAGRANTHIH
VIKARAH,SROTOVAISHAMYAM,MAMSAVAHASROTOVIKARAH,,RAKTAJAGRANTHIH
VIKARAH,SROTOVAISHAMYAM,MAMSAVAHASROTOVIKARAH,,ASTHIJAGRANTHIH
VIKARAH,SROTOVAISHAMYAM,MAMSAVAHASROTOVIKARAH,,MAMSAJAGRANTHIH
VIKARAH,SROTOVAISHAMYAM,MAMSAVAHASROTOVIKARAH,,VRANAJAGRANTHIH
VIKARAH,SROTOVAISHAMYAM,MAMSAVAHASROTOVIKARAH,,ASADHYA-GRANTHIH
VIKARAH,SROTOVAISHAMYAM,MAMSAVAHASROTOVIKARAH,,MAMSAPAKAH
VIKARAH,SROTOVAISHAMYAM,MAMSAVAHASROTOVIKARAH,,MAMSAPRADOSHAJAROGAH
VIKARAH,SROTOVAISHAMYAM,MEDOVAHASROTOVIKARAH,,MEDOVAHASROTODUSHTIH
VIKARAH,SROTOVAISHAMYAM,MEDOVAHASROTOVIKARAH,,PRAMEHAH
VIKARAH,SROTOVAISHAMYAM,MEDOVAHASROTOVIKARAH,,PRAMEHA-PURVARUPAM
VIKARAH,SROTOVAISHAMYAM,MEDOVAHASROTOVIKARAH,,KAPAJAPRAMEHAH
VIKARAH,SROTOVAISHAMYAM,MEDOVAHASROTOVIKARAH,,UDAKAMEHAH
VIKARAH,SROTOVAISHAMYAM,MEDOVAHASROTOVIKARAH,,IKSHUVALIKAMEHAH
VIKARAH,SROTOVAISHAMYAM,MEDOVAHASROTOVIKARAH,,SANDRAMEHAH
VIKARAH,SROTOVAISHAMYAM,MEDOVAHASROTOVIKARAH,,SANDRAPRASADAMEHAH
VIKARAH,SROTOVAISHAMYAM,MEDOVAHASROTOVIKARAH,,SUKLAMEHAH
VIKARAH,SROTOVAISHAMYAM,MEDOVAHASROTOVIKARAH,,SUKRAMEHAH
VIKARAH,SROTOVAISHAMYAM,MEDOVAHASROTOVIKARAH,,SITAMEHAH
VIKARAH,SROTOVAISHAMYAM,MEDOVAHASROTOVIKARAH,,SANAIRMEHAH
VIKARAH,SROTOVAISHAMYAM,MEDOVAHASROTOVIKARAH,,SIKATAMEHAH
VIKARAH,SROTOVAISHAMYAM,MEDOVAHASROTOVIKARAH,,LALAMEHAH
VIKARAH,SROTOVAISHAMYAM,MEDOVAHASROTOVIKARAH,,SURAMEHAH
VIKARAH,SROTOVAISHAMYAM,MEDOVAHASROTOVIKARAH,,LAVANAMEHAH
VIKARAH,SROTOVAISHAMYAM,MEDOVAHASROTOVIKARAH,,PISHTAMEHAH
VIKARAH,SROTOVAISHAMYAM,MEDOVAHASROTOVIKARAH,,PENAMEHAH
VIKARAH,SROTOVAISHAMYAM,MEDOVAHASROTOVIKARAH,,PITTAJA-PRAMEHAH
VIKARAH,SROTOVAISHAMYAM,MEDOVAHASROTOVIKARAH,,KSHARAMEHAH
VIKARAH,SROTOVAISHAMYAM,MEDOVAHASROTOVIKARAH,,KALAMEHAH/KRUSHNAMEHAH
VIKARAH,SROTOVAISHAMYAM,MEDOVAHASROTOVIKARAH,,NILAMEHAH
VIKARAH,SROTOVAISHAMYAM,MEDOVAHASROTOVIKARAH,,LOHITAMEHAH/RAKTAMEHAH
VIKARAH,SROTOVAISHAMYAM,MEDOVAHASROTOVIKARAH,,MANJISHTHAMEHAH
VIKARAH,SROTOVAISHAMYAM,MEDOVAHASROTOVIKARAH,,HARIDRAMEHAH
VIKARAH,SROTOVAISHAMYAM,MEDOVAHASROTOVIKARAH,,AMLAMEHAH
VIKARAH,SROTOVAISHAMYAM,MEDOVAHASROTOVIKARAH,,VATAJAPRAMEHAH
VIKARAH,SROTOVAISHAMYAM,MEDOVAHASROTOVIKARAH,,VASAMEHAH
VIKARAH,SROTOVAISHAMYAM,MEDOVAHASROTOVIKARAH,,MAJJAMEHAH
VIKARAH,SROTOVAISHAMYAM,MEDOVAHASROTOVIKARAH,,HASTIMEHAH
VIKARAH,SROTOVAISHAMYAM,MEDOVAHASROTOVIKARAH,,MADHUMEHAH/KSHAUDRAMEHAH
VIKARAH,SROTOVAISHAMYAM,MEDOVAHASROTOVIKARAH,,SARPIRMEHAH
VIKARAH,SROTOVAISHAMYAM,MEDOVAHASROTOVIKARAH,,PRAMEHA-PIDAKA
VIKARAH,SROTOVAISHAMYAM,MEDOVAHASROTOVIKARAH,,SARAVIKA-PRAMEHAPIDAKA
VIKARAH,SROTOVAISHAMYAM,MEDOVAHASROTOVIKARAH,,KACCAPIKA-PRAMEHAPIDAKA
VIKARAH,SROTOVAISHAMYAM,MEDOVAHASROTOVIKARAH,,JALINI-PRAMEHAPIDAKA
VIKARAH,SROTOVAISHAMYAM,MEDOVAHASROTOVIKARAH,,VINATA-PRAMEHAPIDAKA
VIKARAH,SROTOVAISHAMYAM,MEDOVAHASROTOVIKARAH,,ALAJI-PRAMEHAPIDAKA
VIKARAH,SROTOVAISHAMYAM,MEDOVAHASROTOVIKARAH,,SARSHAPIKA-PRAMEHAPIDAKA
VIKARAH,SROTOVAISHAMYAM,MEDOVAHASROTOVIKARAH,,VIDRADHIKA/VIDRADHIH/PRAMEHAPIDAKA
VIKARAH,SROTOVAISHAMYAM,MEDOVAHASROTOVIKARAH,,PUTRINI-PRAMEHAPIDAKA
VIKARAH,SROTOVAISHAMYAM,MEDOVAHASROTOVIKARAH,,MASURIKA-PRAMEHAPIDAKA
VIKARAH,SROTOVAISHAMYAM,MEDOVAHASROTOVIKARAH,,VIDARIKA-PRAMEHAPIDAKA
VIKARAH,SROTOVAISHAMYAM,MEDOVAHASROTOVIKARAH,,PRAMEHAPIDAKA-UPADRAVAH
VIKARAH,SROTOVAISHAMYAM,MEDOVAHASROTOVIKARAH,,ASADHYA-PRAMEHAPIDAKA
VIKARAH,SROTOVAISHAMYAM,MEDOVAHASROTOVIKARAH,,PRAMEHAPIDAKA-ARISHTAH
VIKARAH,SROTOVAISHAMYAM,MEDOVAHASROTOVIKARAH,,APATARPANAJANYAPRAMEHAH
VIKARAH,SROTOVAISHAMYAM,MEDOVAHASROTOVIKARAH,,PRAMEHA-UPADRAVAH
VIKARAH,SROTOVAISHAMYAM,MEDOVAHASROTOVIKARAH,,SLESHMAJA PRAMEHA UPADRAVA
VIKARAH,SROTOVAISHAMYAM,MEDOVAHASROTOVIKARAH,,PITTAJA PRAMEHA UPADRAVA
VIKARAH,SROTOVAISHAMYAM,MEDOVAHASROTOVIKARAH,,VATAJA PRAMEHA UPADRAVA
VIKARAH,SROTOVAISHAMYAM,MEDOVAHASROTOVIKARAH,,PRAMEHA-ARISHTAH
VIKARAH,SROTOVAISHAMYAM,MEDOVAHASROTOVIKARAH,,MEDOROGAH
VIKARAH,SROTOVAISHAMYAM,MEDOVAHASROTOVIKARAH,,ASADHYA-MEDOROGAH
VIKARAH,SROTOVAISHAMYAM,MEDOVAHASROTOVIKARAH,,PRAMEHETARA-PIDAKA
VIKARAH,SROTOVAISHAMYAM,MEDOVAHASROTOVIKARAH,,SVEDAVAHA-SROTODUSHTI
VIKARAH,SROTOVAISHAMYAM,ASTHIVAHASROTOVIKARAH,,ASTHIVAHASROTADUSHTIH
VIKARAH,SROTOVAISHAMYAM,ASTHIVAHASROTOVIKARAH,,ADHYASTHIH
VIKARAH,SROTOVAISHAMYAM,MAJJAVAHASROTOVIKARAH,,MAJJAVAHA-SROTODUSHTIH
VIKARAH,SROTOVAISHAMYAM,MAJJAVAHASROTOVIKARAH,,MAJJAPARIPAKAH
VIKARAH,SROTOVAISHAMYAM,SUKRAVAHASROTOVIKARAH,,SUKRAVAHASROTODUSHTIH
VIKARAH,SROTOVAISHAMYAM,SUKRAVAHASROTOVIKARAH,,KLAIBYAM
VIKARAH,SROTOVAISHAMYAM,SUKRAVAHASROTOVIKARAH,,BIJOPAGHATAJAKLAIBYAM
VIKARAH,SROTOVAISHAMYAM,SUKRAVAHASROTOVIKARAH,,DHVAJABANGAJAKLAIBYAM
VIKARAH,SROTOVAISHAMYAM,SUKRAVAHASROTOVIKARAH,,JARAJANYAKLAIBYAM
VIKARAH,SROTOVAISHAMYAM,SUKRAVAHASROTOVIKARAH,,SUKRAKSHAYAJAKLAIBYAM
VIKARAH,SROTOVAISHAMYAM,SUKRAVAHASROTOVIKARAH,,PAITTIKAKLAIBYAM
VIKARAH,SROTOVAISHAMYAM,SUKRAVAHASROTOVIKARAH,,SIRACEDAJANYAKLAIBYAM
VIKARAH,SROTOVAISHAMYAM,SUKRAVAHASROTOVIKARAH,,SAHAJAKLAIBYAM
VIKARAH,SROTOVAISHAMYAM,SUKRAVAHASROTOVIKARAH,,IRSHYAKAH
VIKARAH,SROTOVAISHAMYAM,SUKRAVAHASROTOVIKARAH,,ASEKYAH
VIKARAH,SROTOVAISHAMYAM,SUKRAVAHASROTOVIKARAH,,KUMBIKAH
VIKARAH,SROTOVAISHAMYAM,SUKRAVAHASROTOVIKARAH,,SUGANDHIKAH
VIKARAH,SROTOVAISHAMYAM,SUKRAVAHASROTOVIKARAH,,SHANDAH
VIKARAH,SROTOVAISHAMYAM,SUKRAVAHASROTOVIKARAH,,TRUNAPUTRIKAH
VIKARAH,SROTOVAISHAMYAM,SUKRAVAHASROTOVIKARAH,,VARTA
VIKARAH,SROTOVAISHAMYAM,SUKRAVAHASROTOVIKARAH,,RETODOSHAH
VIKARAH,SROTOVAISHAMYAM,SUKRAVAHASROTOVIKARAH,,VATADUSHTA-RETAS
VIKARAH,SROTOVAISHAMYAM,SUKRAVAHASROTOVIKARAH,,TANU-RETAS
VIKARAH,SROTOVAISHAMYAM,SUKRAVAHASROTOVIKARAH,,RUKSHA-RETAS
VIKARAH,SROTOVAISHAMYAM,SUKRAVAHASROTOVIKARAH,,PENILA-RETAS
VIKARAH,SROTOVAISHAMYAM,SUKRAVAHASROTOVIKARAH,,PITTADUSHTA-RETAS
VIKARAH,SROTOVAISHAMYAM,SUKRAVAHASROTOVIKARAH,,VIVARNA-RETAS
VIKARAH,SROTOVAISHAMYAM,SUKRAVAHASROTOVIKARAH,,PUTI-RETAS
VIKARAH,SROTOVAISHAMYAM,SUKRAVAHASROTOVIKARAH,,KAPADUSHTA-RETAS
VIKARAH,SROTOVAISHAMYAM,SUKRAVAHASROTOVIKARAH,,ATIPICCILA-RETAS
VIKARAH,SROTOVAISHAMYAM,SUKRAVAHASROTOVIKARAH,,RAKTANVITA-RETAS
VIKARAH,SROTOVAISHAMYAM,SUKRAVAHASROTOVIKARAH,,ANYADHATUPAHITA-RETAS
VIKARAH,SROTOVAISHAMYAM,SUKRAVAHASROTOVIKARAH,,AVASADI-RETAS/GRATHITA-RETAS
VIKARAH,SROTOVAISHAMYAM,SUKRAVAHASROTOVIKARAH,,VATAPITTADUSHTA-RETAS
VIKARAH,SROTOVAISHAMYAM,SUKRAVAHASROTOVIKARAH,,VATAKAPADUSHTA-RETAS
VIKARAH,SROTOVAISHAMYAM,SUKRAVAHASROTOVIKARAH,,PITTAKAPADUSHTA-RETAS
VIKARAH,SROTOVAISHAMYAM,SUKRAVAHASROTOVIKARAH,,RAKTAPITTADUSHTA-RETAS
VIKARAH,SROTOVAISHAMYAM,SUKRAVAHASROTOVIKARAH,,SANNIPATADUSHTA-RETAS/MUTRA-VITPRABA-RETAS
VIKARAH,SROTOVAISHAMYAM,SUKRAVAHASROTOVIKARAH,,SUKAROGAH
VIKARAH,SROTOVAISHAMYAM,SUKRAVAHASROTOVIKARAH,,AVAMANTHAH
VIKARAH,SROTOVAISHAMYAM,MEDOVAHASROTOVIKARAH,,ALAJI-SUKAROGAH
VIKARAH,SROTOVAISHAMYAM,SUKRAVAHASROTOVIKARAH,,ASHTHILIKA
VIKARAH,SROTOVAISHAMYAM,SUKRAVAHASROTOVIKARAH,,AVAPATIKA
VIKARAH,SROTOVAISHAMYAM,SUKRAVAHASROTOVIKARAH,,UTTAMA
VIKARAH,SROTOVAISHAMYAM,SUKRAVAHASROTOVIKARAH,,KUMBIKA
VIKARAH,SROTOVAISHAMYAM,SUKRAVAHASROTOVIKARAH,,GRATHITAH
VIKARAH,SROTOVAISHAMYAM,SUKRAVAHASROTOVIKARAH,,NIRUDDHAMANIH
VIKARAH,SROTOVAISHAMYAM,SUKRAVAHASROTOVIKARAH,,TVAKPAKAH
VIKARAH,SROTOVAISHAMYAM,SUKRAVAHASROTOVIKARAH,,PUSHKARIKA
VIKARAH,SROTOVAISHAMYAM,SUKRAVAHASROTOVIKARAH,,MAMSAPAKAH (MEDHRA)
VIKARAH,SROTOVAISHAMYAM,SUKRAVAHASROTOVIKARAH,,MAMSARBUDAH
VIKARAH,SROTOVAISHAMYAM,SUKRAVAHASROTOVIKARAH,,MRUDITAH
VIKARAH,SROTOVAISHAMYAM,SUKRAVAHASROTOVIKARAH,,VIDRADHIH (SUKAROGAH)
VIKARAH,SROTOVAISHAMYAM,SUKRAVAHASROTOVIKARAH,,SATAPONAKAH
VIKARAH,SROTOVAISHAMYAM,SUKRAVAHASROTOVIKARAH,,SONITARBUDAH
VIKARAH,SROTOVAISHAMYAM,SUKRAVAHASROTOVIKARAH,,SARSHAPIKA
VIKARAH,SROTOVAISHAMYAM,SUKRAVAHASROTOVIKARAH,,SAMMUDHAPIDAKA
VIKARAH,SROTOVAISHAMYAM,SUKRAVAHASROTOVIKARAH,,SPARSAHANIH
VIKARAH,SROTOVAISHAMYAM,SUKRAVAHASROTOVIKARAH,,NIVRUTTAH(MANI)
VIKARAH,SROTOVAISHAMYAM,SUKRAVAHASROTOVIKARAH,,UPADAMSAH
VIKARAH,SROTOVAISHAMYAM,SUKRAVAHASROTOVIKARAH,,VATAJA-UPADAMSAH
VIKARAH,SROTOVAISHAMYAM,SUKRAVAHASROTOVIKARAH,,PITTAJA-UPADAMSAH
VIKARAH,SROTOVAISHAMYAM,SUKRAVAHASROTOVIKARAH,,KAPAJA-UPADAMSAH
VIKARAH,SROTOVAISHAMYAM,SUKRAVAHASROTOVIKARAH,,SANNIPATAJA-UPADAMSAH
VIKARAH,SROTOVAISHAMYAM,SUKRAVAHASROTOVIKARAH,,RAKTAJA-UPADAMSAH
VIKARAH,SROTOVAISHAMYAM,SUKRAVAHASROTOVIKARAH,,ASADHYA-UPADAMSAH
VIKARAH,SROTOVAISHAMYAM,SUKRAVAHASROTOVIKARAH,,UPADAMSA-ARISHTAH
VIKARAH,SROTOVAISHAMYAM,SUKRAVAHASROTOVIKARAH,,VRUDDHIH
VIKARAH,SROTOVAISHAMYAM,SUKRAVAHASROTOVIKARAH,,VRUDDHI-PURVARUPAM
VIKARAH,SROTOVAISHAMYAM,SUKRAVAHASROTOVIKARAH,,VATAJA-VRUDDHIH
VIKARAH,SROTOVAISHAMYAM,SUKRAVAHASROTOVIKARAH,,PITTAJA-VRUDDHIH
VIKARAH,SROTOVAISHAMYAM,SUKRAVAHASROTOVIKARAH,,KAPAJA-VRUDDHIH
VIKARAH,SROTOVAISHAMYAM,SUKRAVAHASROTOVIKARAH,,RAKTAJA-VRUDDHIH
VIKARAH,SROTOVAISHAMYAM,SUKRAVAHASROTOVIKARAH,,MEDOJA-VRUDDHIH
VIKARAH,SROTOVAISHAMYAM,SUKRAVAHASROTOVIKARAH,,MUTRAJA-VRUDDHIH
VIKARAH,SROTOVAISHAMYAM,SUKRAVAHASROTOVIKARAH,,ANTRA-VRUDDHIH
VIKARAH,SROTOVAISHAMYAM,SUKRAVAHASROTOVIKARAH,,ANDA-VRUDDHIH
VIKARAH,SROTOVAISHAMYAM,MUTRAVAHASROTOVIKARAH,,MUTRAVAHASROTODUSHTIH
VIKARAH,SROTOVAISHAMYAM,MUTRAVAHASROTOVIKARAH,,ASMARI
VIKARAH,SROTOVAISHAMYAM,MUTRAVAHASROTOVIKARAH,,ASMARI-PURVARUPAM
VIKARAH,SROTOVAISHAMYAM,MUTRAVAHASROTOVIKARAH,,VATAJA-ASMARI
VIKARAH,SROTOVAISHAMYAM,MUTRAVAHASROTOVIKARAH,,PITTAJA-ASMARI
VIKARAH,SROTOVAISHAMYAM,MUTRAVAHASROTOVIKARAH,,KAPAJA-ASMARI
VIKARAH,SROTOVAISHAMYAM,MUTRAVAHASROTOVIKARAH,,SUKRASMARI
VIKARAH,SROTOVAISHAMYAM,MUTRAVAHASROTOVIKARAH,,ASADHYA-ASMARI
VIKARAH,SROTOVAISHAMYAM,MUTRAVAHASROTOVIKARAH,,SARKARA-ASMARI
VIKARAH,SROTOVAISHAMYAM,MUTRAVAHASROTOVIKARAH,,SARKARASMARI-UPADRAVAH
VIKARAH,SROTOVAISHAMYAM,MUTRAVAHASROTOVIKARAH,,ASMARI-ARISHTAH
VIKARAH,SROTOVAISHAMYAM,MUTRAVAHASROTOVIKARAH,,MUTRAGHATAH
VIKARAH,SROTOVAISHAMYAM,MUTRAVAHASROTOVIKARAH,,MUTRAUKASADAH
VIKARAH,SROTOVAISHAMYAM,MUTRAVAHASROTOVIKARAH,,PITTAJA-MUTRAUKASADAH
VIKARAH,SROTOVAISHAMYAM,MUTRAVAHASROTOVIKARAH,,KAPAJA-MUTRAUKASADAH
VIKARAH,SROTOVAISHAMYAM,MUTRAVAHASROTOVIKARAH,,MUTRAJATHARAH
VIKARAH,SROTOVAISHAMYAM,MUTRAVAHASROTOVIKARAH,,MUTROTSANGAH
VIKARAH,SROTOVAISHAMYAM,MUTRAVAHASROTOVIKARAH,,MUTRAKSHAYAH/MUTRASAMKSHAYAH
VIKARAH,SROTOVAISHAMYAM,MUTRAVAHASROTOVIKARAH,,MUTRATITAH
VIKARAH,SROTOVAISHAMYAM,MUTRAVAHASROTOVIKARAH,,VATASHTHILA
VIKARAH,SROTOVAISHAMYAM,MUTRAVAHASROTOVIKARAH,,VATABASTIH
VIKARAH,SROTOVAISHAMYAM,MUTRAVAHASROTOVIKARAH,,USHNAVATAH/USHNAMARUTAH
VIKARAH,SROTOVAISHAMYAM,MUTRAVAHASROTOVIKARAH,,VATAKUNDALIKA
VIKARAH,SROTOVAISHAMYAM,MUTRAVAHASROTOVIKARAH,,MUTRAGRANTHIH/RAKTAGRANTHIH
VIKARAH,SROTOVAISHAMYAM,MUTRAVAHASROTOVIKARAH,,MUTRASUKRAH
VIKARAH,SROTOVAISHAMYAM,MUTRAVAHASROTOVIKARAH,,VID-VIGHATAH
VIKARAH,SROTOVAISHAMYAM,MUTRAVAHASROTOVIKARAH,,BASTIKUNDALAH
VIKARAH,SROTOVAISHAMYAM,MUTRAVAHASROTOVIKARAH,,PAITTIKA-BASTIKUNDALAH
VIKARAH,SROTOVAISHAMYAM,MUTRAVAHASROTOVIKARAH,,KAPAJABASTIKUNDALAH
VIKARAH,SROTOVAISHAMYAM,MUTRAVAHASROTOVIKARAH,,ASADHYA BASTIKUNDALIKA
VIKARAH,SROTOVAISHAMYAM,MUTRAVAHASROTOVIKARAH,,ABIGHATAJAMUTRAGHATAH
VIKARAH,SROTOVAISHAMYAM,MUTRAVAHASROTOVIKARAH,,MUTRAKRUCCRAM
VIKARAH,SROTOVAISHAMYAM,MUTRAVAHASROTOVIKARAH,,VATAJAMUTRAKRUCCRAM
VIKARAH,SROTOVAISHAMYAM,MUTRAVAHASROTOVIKARAH,,PITTAJAMUTRAKRUCCRAM
VIKARAH,SROTOVAISHAMYAM,MUTRAVAHASROTOVIKARAH,,KAPAJAMUTRAKRUCCRAM
VIKARAH,SROTOVAISHAMYAM,MUTRAVAHASROTOVIKARAH,,SANNIPATAMUTRAKRUCCRAM
VIKARAH,SROTOVAISHAMYAM,MUTRAVAHASROTOVIKARAH,,ASMARIJAMUTRAKRUCCRAM
VIKARAH,SROTOVAISHAMYAM,MUTRAVAHASROTOVIKARAH,,PURISHARODHAJAMUTRAKRUCCRAM
VIKARAH,SROTOVAISHAMYAM,MUTRAVAHASROTOVIKARAH,,SARKARAJAMUTRAKRUCCRAM
VIKARAH,SROTOVAISHAMYAM,MUTRAVAHASROTOVIKARAH,,SONITAJAMUTRAKRUCCRAM/RAKTAJAMUTRAKRUCCRAM
VIKARAH,SROTOVAISHAMYAM,MUTRAVAHASROTOVIKARAH,,SALYAJAMUTRAKRUCCRAM
VIKARAH,SROTOVAISHAMYAM,MUTRAVAHASROTOVIKARAH,,SUKRAJANYAMUTRAKRUCCRAM
VIKARAH,SROTOVAISHAMYAM,UDAKAVAHASROTOVIKARAH,,AMBUVAHASROTODUSHTIH/UDAKAVAHASROTODUSHTIH
VIKARAH,SROTOVAISHAMYAM,UDAKAVAHASROTOVIKARAH,,TRUSHNA
VIKARAH,SROTOVAISHAMYAM,UDAKAVAHASROTOVIKARAH,,TRUSHNA-PURVARUPAM
VIKARAH,SROTOVAISHAMYAM,UDAKAVAHASROTOVIKARAH,,VATAJA-TRUSHNA
VIKARAH,SROTOVAISHAMYAM,UDAKAVAHASROTOVIKARAH,,PITTAJA-TRUSHNA
VIKARAH,SROTOVAISHAMYAM,UDAKAVAHASROTOVIKARAH,,KAPAJA-TRUSHNA
VIKARAH,SROTOVAISHAMYAM,UDAKAVAHASROTOVIKARAH,,KSHATAJA-TRUSHNA
VIKARAH,SROTOVAISHAMYAM,UDAKAVAHASROTOVIKARAH,,RASAKSHAYAJA-TRUSHNA
VIKARAH,SROTOVAISHAMYAM,UDAKAVAHASROTOVIKARAH,,AMAJA-TRUSHNA
VIKARAH,SROTOVAISHAMYAM,UDAKAVAHASROTOVIKARAH,,AUPASARGIKA-TRUSHNA
VIKARAH,SROTOVAISHAMYAM,UDAKAVAHASROTOVIKARAH,,BAKTAJA-TRUSHNA
VIKARAH,SROTOVAISHAMYAM,UDAKAVAHASROTOVIKARAH,,ASADHYA-TRUSHNA
VIKARAH,SROTOVAISHAMYAM,UDAKAVAHASROTOVIKARAH,,TRUSHNA-UPADRAVAH
VIKARAH,SROTOVAISHAMYAM,UDAKAVAHASROTOVIKARAH,,TRUSHNA-ARISHTAH
VIKARAH,SROTOVAISHAMYAM,UDAKAVAHASROTOVIKARAH,,SVAYATHUH/SOTHAH/SOPAH
VIKARAH,SROTOVAISHAMYAM,UDAKAVAHASROTOVIKARAH,,SOPA-PURVARUPAM
VIKARAH,SROTOVAISHAMYAM,UDAKAVAHASROTOVIKARAH,,VATAJASOPAH
VIKARAH,SROTOVAISHAMYAM,UDAKAVAHASROTOVIKARAH,,PITTAJASOPAH
VIKARAH,SROTOVAISHAMYAM,UDAKAVAHASROTOVIKARAH,,KAPAJASOPAH
VIKARAH,SROTOVAISHAMYAM,UDAKAVAHASROTOVIKARAH,,RAKTAJASOPA
VIKARAH,SROTOVAISHAMYAM,UDAKAVAHASROTOVIKARAH,,DVANDVAJA-SOPAH
VIKARAH,SROTOVAISHAMYAM,UDAKAVAHASROTOVIKARAH,,SANNIPATAJASOPAH
VIKARAH,SROTOVAISHAMYAM,UDAKAVAHASROTOVIKARAH,,ABIGHATAJASOPAH-KSHATAJASOPAH
VIKARAH,SROTOVAISHAMYAM,UDAKAVAHASROTOVIKARAH,,VISHAJASOPAH
VIKARAH,SROTOVAISHAMYAM,UDAKAVAHASROTOVIKARAH,,AMASOPAH
VIKARAH,SROTOVAISHAMYAM,UDAKAVAHASROTOVIKARAH,,PACYAMANASOPAH
VIKARAH,SROTOVAISHAMYAM,UDAKAVAHASROTOVIKARAH,,PAKVASOPAH
VIKARAH,SROTOVAISHAMYAM,UDAKAVAHASROTOVIKARAH,,ASADHYA-SOPAH
VIKARAH,SROTOVAISHAMYAM,UDAKAVAHASROTOVIKARAH,,KARNAMULASOTHAH
VIKARAH,SROTOVAISHAMYAM,UDAKAVAHASROTOVIKARAH,,SIRASOTHAH
VIKARAH,SROTOVAISHAMYAM,UDAKAVAHASROTOVIKARAH,,SARVASARA-SOTHAH
VIKARAH,SROTOVAISHAMYAM,UDAKAVAHASROTOVIKARAH,,SOPA-UPADRAVAH
VIKARAH,SROTOVAISHAMYAM,UDAKAVAHASROTOVIKARAH,,SOPA-ARISHTAH
VIKARAH,SROTOVAISHAMYAM,UDAKAVAHASROTOVIKARAH,,UDARA/UDARAROGAH
VIKARAH,SROTOVAISHAMYAM,UDAKAVAHASROTOVIKARAH,,UDARA-PURVARUPAM
VIKARAH,SROTOVAISHAMYAM,UDAKAVAHASROTOVIKARAH,,VATAJA-UDARAROGAH
VIKARAH,SROTOVAISHAMYAM,UDAKAVAHASROTOVIKARAH,,PITTAJA-UDARAROGAH
VIKARAH,SROTOVAISHAMYAM,UDAKAVAHASROTOVIKARAH,,KAPAJA-UDARAROGAH
VIKARAH,SROTOVAISHAMYAM,UDAKAVAHASROTOVIKARAH,,SANNIPATAJA-UDARAROGAH
VIKARAH,SROTOVAISHAMYAM,UDAKAVAHASROTOVIKARAH,,YAKRUDDALYUDARAH
VIKARAH,SROTOVAISHAMYAM,UDAKAVAHASROTOVIKARAH,,BADDHAGUDODARAH
VIKARAH,SROTOVAISHAMYAM,UDAKAVAHASROTOVIKARAH,,CIDRODARAH/KSHATODARAM
VIKARAH,SROTOVAISHAMYAM,UDAKAVAHASROTOVIKARAH,,JALODARAH
VIKARAH,SROTOVAISHAMYAM,UDAKAVAHASROTOVIKARAH,,AJATODAKAH
VIKARAH,SROTOVAISHAMYAM,UDAKAVAHASROTOVIKARAH,,PICCAVASTHA
VIKARAH,SROTOVAISHAMYAM,UDAKAVAHASROTOVIKARAH,,JATODAKA AVASTHA
VIKARAH,SROTOVAISHAMYAM,UDAKAVAHASROTOVIKARAH,,ASADHYA-UDARAH
VIKARAH,SROTOVAISHAMYAM,UDAKAVAHASROTOVIKARAH,,UPEKSHYAMANA-UDARAH
VIKARAH,SROTOVAISHAMYAM,UDAKAVAHASROTOVIKARAH,,UDARA-UPADRAVAH
VIKARAH,SROTOVAISHAMYAM,UDAKAVAHASROTOVIKARAH,,UDARA-ARISHTAH
VIKARAH,SROTOVAISHAMYAM,ARTAVAVAHASROTOVIKARAH,,ARTAVAVAHA-SROTODUSHTIH
VIKARAH,SROTOVAISHAMYAM,ARTAVAVAHASROTOVIKARAH,,YONIROGAH/YONI-VYAPADAH
VIKARAH,SROTOVAISHAMYAM,ARTAVAVAHASROTOVIKARAH,,VATAJA-YONIROGAH
VIKARAH,SROTOVAISHAMYAM,ARTAVAVAHASROTOVIKARAH,,PITTAJA-YONIROGAH
VIKARAH,SROTOVAISHAMYAM,ARTAVAVAHASROTOVIKARAH,,KAPAJA-YONIROGAH
VIKARAH,SROTOVAISHAMYAM,ARTAVAVAHASROTOVIKARAH,,SANNIPATAJA-YONIROGAH
VIKARAH,SROTOVAISHAMYAM,ARTAVAVAHASROTOVIKARAH,,ACARANA
VIKARAH,SROTOVAISHAMYAM,ARTAVAVAHASROTOVIKARAH,,ATYANANDA
VIKARAH,SROTOVAISHAMYAM,ARTAVAVAHASROTOVIKARAH,,ATICARANA
VIKARAH,SROTOVAISHAMYAM,ARTAVAVAHASROTOVIKARAH,,ANTARMUKHI
VIKARAH,SROTOVAISHAMYAM,ARTAVAVAHASROTOVIKARAH,,ARAJASKA
VIKARAH,SROTOVAISHAMYAM,ARTAVAVAHASROTOVIKARAH,,UDAVARTINI
VIKARAH,SROTOVAISHAMYAM,ARTAVAVAHASROTOVIKARAH,,UPAPLUTA/APLUTA
VIKARAH,SROTOVAISHAMYAM,ARTAVAVAHASROTOVIKARAH,,JATAGHNI/PUTRAGHNI
VIKARAH,SROTOVAISHAMYAM,ARTAVAVAHASROTOVIKARAH,,LOHITAKSHAYA/LOHITAKSHARA
VIKARAH,SROTOVAISHAMYAM,ARTAVAVAHASROTOVIKARAH,,VIPLUTA
VIKARAH,SROTOVAISHAMYAM,ARTAVAVAHASROTOVIKARAH,,KARNINI
VIKARAH,SROTOVAISHAMYAM,ARTAVAVAHASROTOVIKARAH,,PARIPLUTA
VIKARAH,SROTOVAISHAMYAM,ARTAVAVAHASROTOVIKARAH,,PRASRAMSINI/PRASRAVINI
VIKARAH,SROTOVAISHAMYAM,ARTAVAVAHASROTOVIKARAH,,PRAKCARANA
VIKARAH,SROTOVAISHAMYAM,ARTAVAVAHASROTOVIKARAH,,PALINI/ANDALI
VIKARAH,SROTOVAISHAMYAM,ARTAVAVAHASROTOVIKARAH,,MAHAYONIH/VIVRUTA
VIKARAH,SROTOVAISHAMYAM,ARTAVAVAHASROTOVIKARAH,,RAKTAYONIROGAH/ASRUJA/APRAJA
VIKARAH,SROTOVAISHAMYAM,ARTAVAVAHASROTOVIKARAH,,VAMINI
VIKARAH,SROTOVAISHAMYAM,ARTAVAVAHASROTOVIKARAH,,SUSHKA
VIKARAH,SROTOVAISHAMYAM,ARTAVAVAHASROTOVIKARAH,,VANDHYA
VIKARAH,SROTOVAISHAMYAM,ARTAVAVAHASROTOVIKARAH,,SHANDHI/KHANDITA
VIKARAH,SROTOVAISHAMYAM,ARTAVAVAHASROTOVIKARAH,,SUCIMUKHI/SUCIVAKTRA
VIKARAH,SROTOVAISHAMYAM,ARTAVAVAHASROTOVIKARAH,,YONIKANDAH
VIKARAH,SROTOVAISHAMYAM,ARTAVAVAHASROTOVIKARAH,,VATIKA-YONIKANDAH
VIKARAH,SROTOVAISHAMYAM,ARTAVAVAHASROTOVIKARAH,,PAITTIKA-YONIKANDAH
VIKARAH,SROTOVAISHAMYAM,ARTAVAVAHASROTOVIKARAH,,KAPAJA-YONIKANDAH
VIKARAH,SROTOVAISHAMYAM,ARTAVAVAHASROTOVIKARAH,,SANNIPATAJAYONIKANDAH
VIKARAH,SROTOVAISHAMYAM,ARTAVAVAHASROTOVIKARAH,,YONI-ARSAH
VIKARAH,SROTOVAISHAMYAM,ARTAVAVAHASROTOVIKARAH,,ARTAVADOSHAH/ARTAVADUSHTIH/RAJODOSHAH
VIKARAH,SROTOVAISHAMYAM,ARTAVAVAHASROTOVIKARAH,,VATAJA-ARTAVADUSHTIH
VIKARAH,SROTOVAISHAMYAM,ARTAVAVAHASROTOVIKARAH,,PITTAJA/ARTAVADUSHTIH
VIKARAH,SROTOVAISHAMYAM,ARTAVAVAHASROTOVIKARAH,,KAPAJA-ARTAVADUSHTIH
VIKARAH,SROTOVAISHAMYAM,ARTAVAVAHASROTOVIKARAH,,KUNAPAGANDHI-ARTAVADUSHTIH
VIKARAH,SROTOVAISHAMYAM,ARTAVAVAHASROTOVIKARAH,,GRANTHIBUTA-ARTAVADUSHTIH
VIKARAH,SROTOVAISHAMYAM,ARTAVAVAHASROTOVIKARAH,,PUTIPUYA-ARTAVADUSHTIH
VIKARAH,SROTOVAISHAMYAM,ARTAVAVAHASROTOVIKARAH,,KSHINA-ARTAVADUSHTIH
VIKARAH,SROTOVAISHAMYAM,ARTAVAVAHASROTOVIKARAH,,MUTRAPURISHAGANDHA-ARTAVADUSHTIH
VIKARAH,SROTOVAISHAMYAM,ARTAVAVAHASROTOVIKARAH,,ASRUGDARAH/RAKTAPRADARAH
VIKARAH,SROTOVAISHAMYAM,ARTAVAVAHASROTOVIKARAH,,VATIKA-ASRUGDARAH
VIKARAH,SROTOVAISHAMYAM,ARTAVAVAHASROTOVIKARAH,,PAITTIKA-ASRUGDARAH
VIKARAH,SROTOVAISHAMYAM,ARTAVAVAHASROTOVIKARAH,,SLAISHMIKA-ASRUGDARAH
VIKARAH,SROTOVAISHAMYAM,ARTAVAVAHASROTOVIKARAH,,SANNIPATIKA-ASRUGDARAH (RAKTAPRADARAH)
VIKARAH,SROTOVAISHAMYAM,ARTAVAVAHASROTOVIKARAH,,ASADHYA-ASRUGDARAH
VIKARAH,SROTOVAISHAMYAM,ARTAVAVAHASROTOVIKARAH,,SOMAROGAH/SVETAPRADARAH
VIKARAH,SROTOVAISHAMYAM,ARTAVAVAHASROTOVIKARAH,,GARBINIROGAH
VIKARAH,SROTOVAISHAMYAM,ARTAVAVAHASROTOVIKARAH,,KIKKISA-GARBINIROGAH
VIKARAH,SROTOVAISHAMYAM,ARTAVAVAHASROTOVIKARAH,,GARBA-VYAPAT
VIKARAH,SROTOVAISHAMYAM,ARTAVAVAHASROTOVIKARAH,,GARBASRAVAH
VIKARAH,SROTOVAISHAMYAM,ARTAVAVAHASROTOVIKARAH,,GARBAPATAH
VIKARAH,SROTOVAISHAMYAM,ARTAVAVAHASROTOVIKARAH,,UPAVISHTAKAH
VIKARAH,SROTOVAISHAMYAM,ARTAVAVAHASROTOVIKARAH,,NAGODARAH/UPASUSHKA
VIKARAH,SROTOVAISHAMYAM,ARTAVAVAHASROTOVIKARAH,,LINAGARBAH
VIKARAH,SROTOVAISHAMYAM,ARTAVAVAHASROTOVIKARAH,,MRUTAGARBAH
VIKARAH,SROTOVAISHAMYAM,ARTAVAVAHASROTOVIKARAH,,APARAPATANAM
VIKARAH,SROTOVAISHAMYAM,ARTAVAVAHASROTOVIKARAH,,MUDHAGARBAH
VIKARAH,SROTOVAISHAMYAM,ARTAVAVAHASROTOVIKARAH,,KILAKAH
VIKARAH,SROTOVAISHAMYAM,ARTAVAVAHASROTOVIKARAH,,PRATIKHURAH
VIKARAH,SROTOVAISHAMYAM,ARTAVAVAHASROTOVIKARAH,,BIJAKAH
VIKARAH,SROTOVAISHAMYAM,ARTAVAVAHASROTOVIKARAH,,PARIGHAH
VIKARAH,SROTOVAISHAMYAM,ARTAVAVAHASROTOVIKARAH,,ASADHYA-MUDHAGARBAH
VIKARAH,SROTOVAISHAMYAM,ARTAVAVAHASROTOVIKARAH,,MUDHAGARBA-UPADRAVAH
VIKARAH,SROTOVAISHAMYAM,ARTAVAVAHASROTOVIKARAH,,SUTIKAROGAH
VIKARAH,SROTOVAISHAMYAM,ARTAVAVAHASROTOVIKARAH,,MAKKALLAH
VIKARAH,SROTOVAISHAMYAM,MANOVAHASROTOVIKARAH,,MANOVAHASROTODUSHTIH
VIKARAH,SROTOVAISHAMYAM,MANOVAHASROTOVIKARAH,,UNMADAH
VIKARAH,SROTOVAISHAMYAM,MANOVAHASROTOVIKARAH,,UNMADA-PURVARUPAM
VIKARAH,SROTOVAISHAMYAM,MANOVAHASROTOVIKARAH,,VATAJA-UNMADAH
VIKARAH,SROTOVAISHAMYAM,MANOVAHASROTOVIKARAH,,PITTAJA-UNMADAH
VIKARAH,SROTOVAISHAMYAM,MANOVAHASROTOVIKARAH,,KAPAJA-UNMADAH
VIKARAH,SROTOVAISHAMYAM,MANOVAHASROTOVIKARAH,,SANNIPATAJA-UNMADAH
VIKARAH,SROTOVAISHAMYAM,MANOVAHASROTOVIKARAH,,SOKAJA-UNMADAH
VIKARAH,SROTOVAISHAMYAM,MANOVAHASROTOVIKARAH,,VISHAJA-UNMADAH
VIKARAH,SROTOVAISHAMYAM,MANOVAHASROTOVIKARAH,,AGANTUJA-UNMADAH
VIKARAH,SROTOVAISHAMYAM,MANOVAHASROTOVIKARAH,,AGANTUKONMADA PURVARUPA
VIKARAH,SROTOVAISHAMYAM,MANOVAHASROTOVIKARAH,,DEVONMADAH/DEVASATRUJUSHTONMADAH
VIKARAH,SROTOVAISHAMYAM,MANOVAHASROTOVIKARAH,,GURUSAPONMADAH
VIKARAH,SROTOVAISHAMYAM,MANOVAHASROTOVIKARAH,,SIDDHONMADAH
VIKARAH,SROTOVAISHAMYAM,MANOVAHASROTOVIKARAH,,PITRU-UNMADAH
VIKARAH,SROTOVAISHAMYAM,MANOVAHASROTOVIKARAH,,GANDHARVONMADAH
VIKARAH,SROTOVAISHAMYAM,MANOVAHASROTOVIKARAH,,YAKSHONMADAH
VIKARAH,SROTOVAISHAMYAM,MANOVAHASROTOVIKARAH,,RAKSHASONMADAH
VIKARAH,SROTOVAISHAMYAM,MANOVAHASROTOVIKARAH,,BRAHMARAKSHASONMADAH
VIKARAH,SROTOVAISHAMYAM,MANOVAHASROTOVIKARAH,,PISACONMADAH
VIKARAH,SROTOVAISHAMYAM,MANOVAHASROTOVIKARAH,,BUJAMGONMADAH
VIKARAH,SROTOVAISHAMYAM,MANOVAHASROTOVIKARAH,,KINNARONMADAH
VIKARAH,SROTOVAISHAMYAM,MANOVAHASROTOVIKARAH,,PRETONMADAH
VIKARAH,SROTOVAISHAMYAM,MANOVAHASROTOVIKARAH,,ADBUTONMADAH
VIKARAH,SROTOVAISHAMYAM,MANOVAHASROTOVIKARAH,,JALADHIDEVATONMADAH
VIKARAH,SROTOVAISHAMYAM,MANOVAHASROTOVIKARAH,,KUSHMANDONMADAH
VIKARAH,SROTOVAISHAMYAM,MANOVAHASROTOVIKARAH,,KRUTYONMADAH
VIKARAH,SROTOVAISHAMYAM,MANOVAHASROTOVIKARAH,,VETALONMADAH
VIKARAH,SROTOVAISHAMYAM,MANOVAHASROTOVIKARAH,,GUHYAKONMADAH
VIKARAH,SROTOVAISHAMYAM,MANOVAHASROTOVIKARAH,,BUTONMADAH
VIKARAH,SROTOVAISHAMYAM,MANOVAHASROTOVIKARAH,,ADHIJONMADAH
VIKARAH,SROTOVAISHAMYAM,MANOVAHASROTOVIKARAH,,HIMSARTHAKONMADAH
VIKARAH,SROTOVAISHAMYAM,MANOVAHASROTOVIKARAH,,KAMAJONMADAH
VIKARAH,SROTOVAISHAMYAM,MANOVAHASROTOVIKARAH,,ASADHYA-UNMADAH
VIKARAH,SROTOVAISHAMYAM,MANOVAHASROTOVIKARAH,,APASMARAH
VIKARAH,SROTOVAISHAMYAM,MANOVAHASROTOVIKARAH,,APASMARA-PURVARUPAM
VIKARAH,SROTOVAISHAMYAM,MANOVAHASROTOVIKARAH,,VATAJA-APASMARAH
VIKARAH,SROTOVAISHAMYAM,MANOVAHASROTOVIKARAH,,PITTAJA-APASMARAH
VIKARAH,SROTOVAISHAMYAM,MANOVAHASROTOVIKARAH,,KAPAJA-APASMARAH
VIKARAH,SROTOVAISHAMYAM,MANOVAHASROTOVIKARAH,,SANNIPATAJA-APASMARAH
VIKARAH,SROTOVAISHAMYAM,MANOVAHASROTOVIKARAH,,AGANTUJA-APASMARAH
VIKARAH,SROTOVAISHAMYAM,MANOVAHASROTOVIKARAH,,APASMARA-ARISHTAH/APASMARA ASADHYA LAKSHAN
VIKARAH,SROTOVAISHAMYAM,MANOVAHASROTOVIKARAH,,ATATTVABINIVESAH/MAHAGADAH
VIKARAH,SROTOVAISHAMYAM,MANOVAHASROTOVIKARAH,,MADATYAYAH/PANATYAYAH
VIKARAH,SROTOVAISHAMYAM,MANOVAHASROTOVIKARAH,,VATAJAMADATYAYAH
VIKARAH,SROTOVAISHAMYAM,MANOVAHASROTOVIKARAH,,PITTAJAMADATYAYAH
VIKARAH,SROTOVAISHAMYAM,MANOVAHASROTOVIKARAH,,KAPAJAMADATYAYAH
VIKARAH,SROTOVAISHAMYAM,MANOVAHASROTOVIKARAH,,SANNIPATAJAMADATYAYAH
VIKARAH,SROTOVAISHAMYAM,MANOVAHASROTOVIKARAH,,DHVAMSAKA-MADATYAYAH
VIKARAH,SROTOVAISHAMYAM,MANOVAHASROTOVIKARAH,,VIKSHAYA-MADATYAYAH/VIKSHEPAKA-MADATYAYAH
VIKARAH,SROTOVAISHAMYAM,MANOVAHASROTOVIKARAH,,PARAMADAH
VIKARAH,SROTOVAISHAMYAM,MANOVAHASROTOVIKARAH,,PANAJIRNAM
VIKARAH,SROTOVAISHAMYAM,MANOVAHASROTOVIKARAH,,PANAVIBRAMAH
VIKARAH,SROTOVAISHAMYAM,MANOVAHASROTOVIKARAH,,ASADHYA-MADATYAYAH (PANAHATAH )
VIKARAH,SROTOVAISHAMYAM,MANOVAHASROTOVIKARAH,,MADATYAYA-UPADRAVAH
VIKARAH,SROTOVAISHAMYAM,MANOVAHASROTOVIKARAH,,MADATYAYA-ARISHTAH
VIKARAH,SROTOVAISHAMYAM,MANOVAHASROTOVIKARAH,,MADAH
VIKARAH,SROTOVAISHAMYAM,MANOVAHASROTOVIKARAH,,VATAJAMADAH
VIKARAH,SROTOVAISHAMYAM,MANOVAHASROTOVIKARAH,,PITTAJAMADAH
VIKARAH,SROTOVAISHAMYAM,MANOVAHASROTOVIKARAH,,KAPAJAMADAH
VIKARAH,SROTOVAISHAMYAM,MANOVAHASROTOVIKARAH,,SANNIPATAJAMADAH
VIKARAH,SROTOVAISHAMYAM,MANOVAHASROTOVIKARAH,,RAKTAJAMADAH
VIKARAH,SROTOVAISHAMYAM,MANOVAHASROTOVIKARAH,,MADYAJAMADAH
VIKARAH,SROTOVAISHAMYAM,MANOVAHASROTOVIKARAH,,PRATHAMA-MADYAJAMADAH
VIKARAH,SROTOVAISHAMYAM,MANOVAHASROTOVIKARAH,,DVITIYA-MADYAJAMADAH
VIKARAH,SROTOVAISHAMYAM,MANOVAHASROTOVIKARAH,,TRUTIYA-MADAVASTHA
VIKARAH,SROTOVAISHAMYAM,MANOVAHASROTOVIKARAH,,CATURTHA-MADYAJAMADAH
VIKARAH,SROTOVAISHAMYAM,MANOVAHASROTOVIKARAH,,VISHAJAMADAH
VIKARAH,SROTOVAISHAMYAM,MANOVAHASROTOVIKARAH,,MURCCA
VIKARAH,SROTOVAISHAMYAM,MANOVAHASROTOVIKARAH,,MURCCA-PURVARUPAM
VIKARAH,SROTOVAISHAMYAM,MANOVAHASROTOVIKARAH,,VATAJAMURCCA
VIKARAH,SROTOVAISHAMYAM,MANOVAHASROTOVIKARAH,,PITTAJAMURCCA
VIKARAH,SROTOVAISHAMYAM,MANOVAHASROTOVIKARAH,,KAPAJAMURCCA
VIKARAH,SROTOVAISHAMYAM,MANOVAHASROTOVIKARAH,,SANNIPATAJAMURCCA
VIKARAH,SROTOVAISHAMYAM,MANOVAHASROTOVIKARAH,,RAKTAJAMURCCA
VIKARAH,SROTOVAISHAMYAM,MANOVAHASROTOVIKARAH,,MADYAJAMURCCA
VIKARAH,SROTOVAISHAMYAM,MANOVAHASROTOVIKARAH,,VISHAJAMURCCA
VIKARAH,SROTOVAISHAMYAM,MANOVAHASROTOVIKARAH,,GLANIJAMURCCA
VIKARAH,SROTOVAISHAMYAM,MANOVAHASROTOVIKARAH,,ASADHYA-MURCCA
VIKARAH,SROTOVAISHAMYAM,MANOVAHASROTOVIKARAH,,BUTA-GRAHAH
VIKARAH,SROTOVAISHAMYAM,MANOVAHASROTOVIKARAH,,AUKIRNABUTA-GRAHAH
VIKARAH,SROTOVAISHAMYAM,MANOVAHASROTOVIKARAH,,BALIKAMA-GRAHAH
VIKARAH,SROTOVAISHAMYAM,MANOVAHASROTOVIKARAH,,BUJANGA-GRAHAH
VIKARAH,SROTOVAISHAMYAM,MANOVAHASROTOVIKARAH,,BRAHMARAKSHASA-GRAHAH
VIKARAH,SROTOVAISHAMYAM,MANOVAHASROTOVIKARAH,,DAITYA-GRAHAH
VIKARAH,SROTOVAISHAMYAM,MANOVAHASROTOVIKARAH,,DEVA-GRAHAH
VIKARAH,SROTOVAISHAMYAM,MANOVAHASROTOVIKARAH,,GANAMATRU-GRAHAH
VIKARAH,SROTOVAISHAMYAM,MANOVAHASROTOVIKARAH,,GANDHARVA-GRAHAH
VIKARAH,SROTOVAISHAMYAM,MANOVAHASROTOVIKARAH,,HIMSATMAKA-GRAHAH
VIKARAH,SROTOVAISHAMYAM,MANOVAHASROTOVIKARAH,,NISHADA-GRAHAH
VIKARAH,SROTOVAISHAMYAM,MANOVAHASROTOVIKARAH,,RATIKAMA-GRAHAH
VIKARAH,SROTOVAISHAMYAM,MANOVAHASROTOVIKARAH,,URAGA-GRAHAH
VIKARAH,SROTOVAISHAMYAM,MANOVAHASROTOVIKARAH,,VETALA-GRAHAH
VIKARAH,SROTOVAISHAMYAM,MANOVAHASROTOVIKARAH,,YAKSHA-GRAHAH
VIKARAH,SROTOVAISHAMYAM,MANOVAHASROTOVIKARAH,,PISACAGRAHAH
VIKARAH,SROTOVAISHAMYAM,MANOVAHASROTOVIKARAH,,ASADHYAGRAHA
VIKARAH,SROTOVAISHAMYAM,MANOVAHASROTOVIKARAH,,MANA-SANTAPAH
VIKARAH,SROTOVAISHAMYAM,MANOVAHASROTOVIKARAH,,SAMNYASAH
VIKARAH,SROTOVAISHAMYAM,MANOVAHASROTOVIKARAH,,BRAMAH
VIKARAH,SIROROGAH/SIRAHSULA/SIRASTAPA/SIROBITAPA,,,VATAJA-SIROROGAH
VIKARAH,SIROROGAH/SIRAHSULA/SIRASTAPA/SIROBITAPA,,,PITTAJA-SIROROGAH/PITTAJA SIROBITAPA
VIKARAH,SIROROGAH/SIRAHSULA/SIRASTAPA/SIROBITAPA,,,KAPAJA-SIROROGAH/KAPAJA SIROBITAPA
VIKARAH,SIROROGAH/SIRAHSULA/SIRASTAPA/SIROBITAPA,,,SANNIPATAJA-SIROROGAH
VIKARAH,SIROROGAH/SIRAHSULA/SIRASTAPA/SIROBITAPA,,,RAKTAJA-SIROROGAH
VIKARAH,SIROROGAH/SIRAHSULA/SIRASTAPA/SIROBITAPA,,,KRUMIJA-SIROROGAH
VIKARAH,SIROROGAH/SIRAHSULA/SIRASTAPA/SIROBITAPA,,,ANANTAVATAH
VIKARAH,SIROROGAH/SIRAHSULA/SIRASTAPA/SIROBITAPA,,,ARDHAVABEDAKAH
VIKARAH,SIROROGAH/SIRAHSULA/SIRASTAPA/SIROBITAPA,,,SURYAVARTAH
VIKARAH,SIROROGAH/SIRAHSULA/SIRASTAPA/SIROBITAPA,,,SANKHAKAH
VIKARAH,SIROROGAH/SIRAHSULA/SIRASTAPA/SIROBITAPA,,,SIRAHKAMPAH
VIKARAH,SIROROGAH/SIRAHSULA/SIRASTAPA/SIROBITAPA,,,KSHAYAJASIROROGAH
VIKARAH,SIROROGAH/SIRAHSULA/SIRASTAPA/SIROBITAPA,KAPALA-ROGAH,,UPASIRSHAKAH
VIKARAH,SIROROGAH/SIRAHSULA/SIRASTAPA/SIROBITAPA,KAPALA-ROGAH,,AKALAPALITAH/PALITAH
VIKARAH,SIROROGAH/SIRAHSULA/SIRASTAPA/SIROBITAPA,KAPALA-ROGAH,,VATIKA-PALITAH
VIKARAH,SIROROGAH/SIRAHSULA/SIRASTAPA/SIROBITAPA,KAPALA-ROGAH,,PITTAJAPALITAH
VIKARAH,SIROROGAH/SIRAHSULA/SIRASTAPA/SIROBITAPA,KAPALA-ROGAH,,KAPAJAPALITAH
VIKARAH,SIROROGAH/SIRAHSULA/SIRASTAPA/SIROBITAPA,KAPALA-ROGAH,,SANNIPATAJAPALITAH
VIKARAH,SIROROGAH/SIRAHSULA/SIRASTAPA/SIROBITAPA,KAPALA-ROGAH,,SIROROGOTTHA-PALITAH
VIKARAH,SIROROGAH/SIRAHSULA/SIRASTAPA/SIROBITAPA,KAPALA-ROGAH,,KHALITYAM/KHALATI
VIKARAH,SIROROGAH/SIRAHSULA/SIRASTAPA/SIROBITAPA,KAPALA-ROGAH,,VATAJA-KHALITYAM/VATAJAKHALATI
VIKARAH,SIROROGAH/SIRAHSULA/SIRASTAPA/SIROBITAPA,KAPALA-ROGAH,,PITTAJA KHALITYAM
VIKARAH,SIROROGAH/SIRAHSULA/SIRASTAPA/SIROBITAPA,KAPALA-ROGAH,,KAPAJA KHALITYAM/KAPAJA KHALATI
VIKARAH,SIROROGAH/SIRAHSULA/SIRASTAPA/SIROBITAPA,KAPALA-ROGAH,,SANNIPATAJA-KHALITYAM/ASADHYA-KHALITYAM
VIKARAH,SIROROGAH/SIRAHSULA/SIRASTAPA/SIROBITAPA,KAPALA-ROGAH,,DARUNAKAH
VIKARAH,SIROROGAH/SIRAHSULA/SIRASTAPA/SIROBITAPA,KAPALA-ROGAH,,ARUMSHIKA (KAPALA)
VIKARAH,SIROROGAH/SIRAHSULA/SIRASTAPA/SIROBITAPA,KAPALA-ROGAH,,KAPALARBUDAH
VIKARAH,SIROROGAH/SIRAHSULA/SIRASTAPA/SIROBITAPA,KAPALA-ROGAH,,KAPALAVIDRADHIH
VIKARAH,MUKHAROGAH,OSHTHAROGAH,,VATAJA-OSHTHAPRAKOPAH
VIKARAH,MUKHAROGAH,OSHTHAROGAH,,PITTAJA-OSHTHAPRAKOPAH
VIKARAH,MUKHAROGAH,OSHTHAROGAH,,KAPAJA-OSHTHAPRAKOPAH
VIKARAH,MUKHAROGAH,OSHTHAROGAH,,SANNIPATAJA-OSHTHAPRAKOPAH
VIKARAH,MUKHAROGAH,OSHTHAROGAH,,RAKTAJA-OSHTHAPRAKOPAH
VIKARAH,MUKHAROGAH,OSHTHAROGAH,,MAMSAJA-OSHTHAPRAKOPAH
VIKARAH,MUKHAROGAH,OSHTHAROGAH,,MEDOJA-OSHTHAPRAKOPAH
VIKARAH,MUKHAROGAH,OSHTHAROGAH,,ABIGHATAJA-OSHTHAPRAKOPAH/KSHATAJA-OSHTHAPRAKOPAH
VIKARAH,MUKHAROGAH,OSHTHAROGAH,,KHANDAUSHTHAH
VIKARAH,MUKHAROGAH,OSHTHAROGAH,,JALARBUDAH
VIKARAH,MUKHAROGAH,DANTAMULAGATAROGAH,,SITADAH
VIKARAH,MUKHAROGAH,DANTAMULAGATAROGAH,,DANTAPUPPUTAH
VIKARAH,MUKHAROGAH,DANTAMULAGATAROGAH,,DANTAVESHTAKAH
VIKARAH,MUKHAROGAH,DANTAMULAGATAROGAH,,SAUSHIRAH
VIKARAH,MUKHAROGAH,DANTAMULAGATAROGAH,,MAHASAUSHIRAH
VIKARAH,MUKHAROGAH,DANTAMULAGATAROGAH,,PARIDARAH
VIKARAH,MUKHAROGAH,DANTAMULAGATAROGAH,,UPAKUSAH
VIKARAH,MUKHAROGAH,DANTAMULAGATAROGAH,,DANTAVAIDARBAH/DANTAVIDARBA
VIKARAH,MUKHAROGAH,DANTAMULAGATAROGAH,,VARDHANAH/ADHIDANTAH
VIKARAH,MUKHAROGAH,DANTAMULAGATAROGAH,,ADHIMAMSAH
VIKARAH,MUKHAROGAH,DANTAMULAGATAROGAH,,KARALAH
VIKARAH,MUKHAROGAH,DANTAMULAGATAROGAH,,DANTANADI
VIKARAH,MUKHAROGAH,DANTAMULAGATAROGAH,,VATAJADANTANADI
VIKARAH,MUKHAROGAH,DANTAMULAGATAROGAH,,PITTAJADANTANADI
VIKARAH,MUKHAROGAH,DANTAMULAGATAROGAH,,KAPAJADANTANADI
VIKARAH,MUKHAROGAH,DANTAMULAGATAROGAH,,SANNIPATIKA-DANTANADI
VIKARAH,MUKHAROGAH,DANTAMULAGATAROGAH,,SALYANIMITTAJA-DANTANADI
VIKARAH,MUKHAROGAH,DANTAGATAROGAH,,DALANAH/KARALAH
VIKARAH,MUKHAROGAH,DANTAGATAROGAH,,KRUMIDANTAKAH
VIKARAH,MUKHAROGAH,DANTAGATAROGAH,,DANTAHARSHAH
VIKARAH,MUKHAROGAH,DANTAGATAROGAH,,BANJANAKAH/DANTABEDAH
VIKARAH,MUKHAROGAH,DANTAGATAROGAH,,DANTASARKARA
VIKARAH,MUKHAROGAH,DANTAGATAROGAH,,KAPALIKA
VIKARAH,MUKHAROGAH,DANTAGATAROGAH,,SYAVADANTAKAH
VIKARAH,MUKHAROGAH,DANTAGATAROGAH,,HANUMOKSHAH
VIKARAH,MUKHAROGAH,DANTAGATAROGAH,,DANTACALAH
VIKARAH,MUKHAROGAH,DANTAGATAROGAH,,DANTAVIDRADHIH
VIKARAH,MUKHAROGAH,DANTAGATAROGAH,,SITADANTAH
VIKARAH,MUKHAROGAH,JIHVAGATAROGAH,,VATAJAJIHVAGATAROGAH
VIKARAH,MUKHAROGAH,JIHVAGATAROGAH,,PITTAJAJIHVAGATAROGAH
VIKARAH,MUKHAROGAH,JIHVAGATAROGAH,,KAPAJAJIHVAGATAROGAH
VIKARAH,MUKHAROGAH,JIHVAGATAROGAH,,ALASAH/ALASAH
VIKARAH,MUKHAROGAH,JIHVAGATAROGAH,,UPAJIHVIKA
VIKARAH,MUKHAROGAH,JIHVAGATAROGAH,,ADHIJIHVA
VIKARAH,MUKHAROGAH,TALUGATAROGAH,,GALASUNDIKA (KANTHASUNDI)
VIKARAH,MUKHAROGAH,TALUGATAROGAH,,GALAGRAHAH
VIKARAH,MUKHAROGAH,TALUGATAROGAH,,TUNDIKERI
VIKARAH,MUKHAROGAH,TALUGATAROGAH,,ADHRUSHAH
VIKARAH,MUKHAROGAH,TALUGATAROGAH,,KACCAPAH (KACCAPI)
VIKARAH,MUKHAROGAH,TALUGATAROGAH,,TALU-ARBUDAH
VIKARAH,MUKHAROGAH,TALUGATAROGAH,,MAMSASANGHATAH/TALUSAMHATIH
VIKARAH,MUKHAROGAH,TALUGATAROGAH,,TALUPUPPUTAH
VIKARAH,MUKHAROGAH,TALUGATAROGAH,,TALUSOSHAH
VIKARAH,MUKHAROGAH,TALUGATAROGAH,,TALUPAKAH/TALUSOTHAH
VIKARAH,MUKHAROGAH,TALUGATAROGAH,,TALUPIDAKA/TALUPITIKA
VIKARAH,MUKHAROGAH,TALUGATAROGAH,,TALUVIDRADHIH
VIKARAH,MUKHAROGAH,KANTHAGATAROGAH,,ROHINI
VIKARAH,MUKHAROGAH,KANTHAGATAROGAH,,VATAJAROHINI
VIKARAH,MUKHAROGAH,KANTHAGATAROGAH,,PITTAJAROHINI
VIKARAH,MUKHAROGAH,KANTHAGATAROGAH,,KAPAJAROHINI
VIKARAH,MUKHAROGAH,KANTHAGATAROGAH,,SANNIPATAJAROHINI
VIKARAH,MUKHAROGAH,KANTHAGATAROGAH,,RAKTAJAROHINI
VIKARAH,MUKHAROGAH,KANTHAGATAROGAH,,MEDAJAROHINI
VIKARAH,MUKHAROGAH,KANTHAGATAROGAH,,KANTHASALUKAH/TUNDIKERI
VIKARAH,MUKHAROGAH,KANTHAGATAROGAH,,VALAYAH
VIKARAH,MUKHAROGAH,KANTHAGATAROGAH,,BALASAH
VIKARAH,MUKHAROGAH,KANTHAGATAROGAH,,EKAVRUNDAH
VIKARAH,MUKHAROGAH,KANTHAGATAROGAH,,VRUNDAH
VIKARAH,MUKHAROGAH,KANTHAGATAROGAH,,SATAGHNI
VIKARAH,MUKHAROGAH,KANTHAGATAROGAH,,GILAYUH/GILAYUKAH
VIKARAH,MUKHAROGAH,KANTHAGATAROGAH,,GALAVIDRADHIH
VIKARAH,MUKHAROGAH,KANTHAGATAROGAH,,GALAUGHAH
VIKARAH,MUKHAROGAH,KANTHAGATAROGAH,,SVARAGHNAM
VIKARAH,MUKHAROGAH,KANTHAGATAROGAH,,MAMSATANAH
VIKARAH,MUKHAROGAH,KANTHAGATAROGAH,,VIDARI (KANTHAGATA)
VIKARAH,MUKHAROGAH,KANTHAGATAROGAH,,APACI
VIKARAH,MUKHAROGAH,KANTHAGATAROGAH,,ASADHYA-APACI
VIKARAH,MUKHAROGAH,KANTHAGATAROGAH,,GALARBUDAH
VIKARAH,MUKHAROGAH,KANTHAGATAROGAH,,GANDALAJI
VIKARAH,MUKHAROGAH,KANTHAGATAROGAH,,GANDAMALA
VIKARAH,MUKHAROGAH,KANTHAGATAROGAH,,ASADHYA GANDAMALA
VIKARAH,MUKHAROGAH,KANTHAGATAROGAH,,GALAGANDAH
VIKARAH,MUKHAROGAH,KANTHAGATAROGAH,,VATAJA-GALAGANDAH
VIKARAH,MUKHAROGAH,KANTHAGATAROGAH,,KAPAJA-GALAGANDAH
VIKARAH,MUKHAROGAH,KANTHAGATAROGAH,,MEDAJA-GALAGANDAH
VIKARAH,MUKHAROGAH,KANTHAGATAROGAH,,ASADHYA-GALAGANDAH
VIKARAH,MUKHAROGAH,KANTHAGATAROGAH,,VIDALIKA
VIKARAH,MUKHAROGAH,SARVASARA MUKHAROGAH,,VATAJA-SARVASARA-MUKHAROGAH
VIKARAH,MUKHAROGAH,SARVASARA MUKHAROGAH,,PITTAJA-SARVASARA-MUKHAROGAH
VIKARAH,MUKHAROGAH,SARVASARA MUKHAROGAH,,KAPAJA-SARVASARA-MUKHAROGAH
VIKARAH,MUKHAROGAH,SARVASARA MUKHAROGAH,,RAKTAJA-SARVASARA-MUKHAROGAH/MUKHAPAKAH
VIKARAH,MUKHAROGAH,SARVASARA MUKHAROGAH,,SANNIPATAJA-SARVASARA-MUKHAROGAH
VIKARAH,MUKHAROGAH,SARVASARA MUKHAROGAH,,PUTYASYAGANDHATA/PUTYASYAM
VIKARAH,MUKHAROGAH,SARVASARA MUKHAROGAH,,URDHVAGUDAH-SARVASARA-MUKHAROGAH
VIKARAH,MUKHAROGAH,SARVASARA MUKHAROGAH,,ARBUDAH-SARVASARA-MUKHAROGAH
VIKARAH,NETRAROGAH/AKSHIROGAH,,,NETRAROGAPURVARUPA
VIKARAH,NETRAROGAH/AKSHIROGAH,,,VATAJA-NETRAROGAH
VIKARAH,NETRAROGAH/AKSHIROGAH,,,PITTAJA-NETRAROGAH
VIKARAH,NETRAROGAH/AKSHIROGAH,,,KAPAJA-NETRAROGAH
VIKARAH,NETRAROGAH/AKSHIROGAH,,,SANNIPATAJA-NETRAROGAH
VIKARAH,NETRAROGAH/AKSHIROGAH,,,RAKTAJA-NETRAROGAH
VIKARAH,NETRAROGAH/AKSHIROGAH,,,SAMA-NETRAROGAH
VIKARAH,NETRAROGAH/AKSHIROGAH,,,NIRAMA-NETRAROGAH
VIKARAH,NETRAROGAH/AKSHIROGAH,,,PAKVA-NETRAROGAH
VIKARAH,NETRAROGAH/AKSHIROGAH,,,VATANUGATA-DRUSHTIH
VIKARAH,NETRAROGAH/AKSHIROGAH,,,PITTANUGATA-DRUSHTIH
VIKARAH,NETRAROGAH/AKSHIROGAH,,,KAPANUGATA-DRUSHTIH
VIKARAH,NETRAROGAH/AKSHIROGAH,,,RAKTANUGATA-DRUSHTIH
VIKARAH,NETRAROGAH/AKSHIROGAH,,,ANDHATVAM
VIKARAH,NETRAROGAH/AKSHIROGAH,SANDHIGATAROGAH,,PUYALASAH
VIKARAH,NETRAROGAH/AKSHIROGAH,SANDHIGATAROGAH,,UPANAHAH
VIKARAH,NETRAROGAH/AKSHIROGAH,SANDHIGATAROGAH,,SRAVAH
VIKARAH,NETRAROGAH/AKSHIROGAH,SANDHIGATAROGAH,,PUYASRAVAH/SANNIPATAJASRAVAH
VIKARAH,NETRAROGAH/AKSHIROGAH,SANDHIGATAROGAH,,SLESHMASRAVAH
VIKARAH,NETRAROGAH/AKSHIROGAH,SANDHIGATAROGAH,,RAKTASRAVAH
VIKARAH,NETRAROGAH/AKSHIROGAH,SANDHIGATAROGAH,,PITTASRAVAH
VIKARAH,NETRAROGAH/AKSHIROGAH,SANDHIGATAROGAH,,JALA-SRAVAH
VIKARAH,NETRAROGAH/AKSHIROGAH,SANDHIGATAROGAH,,PARVANIKA
VIKARAH,NETRAROGAH/AKSHIROGAH,SANDHIGATAROGAH,,ALAJI
VIKARAH,NETRAROGAH/AKSHIROGAH,SANDHIGATAROGAH,,KRUMIGRANTHIH
VIKARAH,NETRAROGAH/AKSHIROGAH,VARTMA-ROGAH,,UTSANGINI
VIKARAH,NETRAROGAH/AKSHIROGAH,VARTMA-ROGAH,,KUMBIKA
VIKARAH,NETRAROGAH/AKSHIROGAH,VARTMA-ROGAH,,POTHAKI
VIKARAH,NETRAROGAH/AKSHIROGAH,VARTMA-ROGAH,,VATMASARKARA
VIKARAH,NETRAROGAH/AKSHIROGAH,VARTMA-ROGAH,,ARSOVARTMA
VIKARAH,NETRAROGAH/AKSHIROGAH,VARTMA-ROGAH,,SUSHKARSAH/ LOHITARSAH
VIKARAH,NETRAROGAH/AKSHIROGAH,VARTMA-ROGAH,,ANJANANAMIKA
VIKARAH,NETRAROGAH/AKSHIROGAH,VARTMA-ROGAH,,BAHALAVARTMA
VIKARAH,NETRAROGAH/AKSHIROGAH,VARTMA-ROGAH,,VARTMAVABANDHAKAH
VIKARAH,NETRAROGAH/AKSHIROGAH,VARTMA-ROGAH,,VARTMAKARDAMAH
VIKARAH,NETRAROGAH/AKSHIROGAH,VARTMA-ROGAH,,KLISHTAVARTMA
VIKARAH,NETRAROGAH/AKSHIROGAH,VARTMA-ROGAH,,SYAVAVARTMA
VIKARAH,NETRAROGAH/AKSHIROGAH,VARTMA-ROGAH,,PRAKLINNAVARTMA/KAPOTKLISHTA-VARTMA
VIKARAH,NETRAROGAH/AKSHIROGAH,VARTMA-ROGAH,,APARIKLINNAVARTMA/KLISHTA-VARTMA
VIKARAH,NETRAROGAH/AKSHIROGAH,VARTMA-ROGAH,,VATAHATA-VARTMA
VIKARAH,NETRAROGAH/AKSHIROGAH,VARTMA-ROGAH,,VARTMARBUDAH
VIKARAH,NETRAROGAH/AKSHIROGAH,VARTMA-ROGAH,,NIMESHAH
VIKARAH,NETRAROGAH/AKSHIROGAH,VARTMA-ROGAH,,VARTMAGATA-RAKTARSAH/SONITARSAH
VIKARAH,NETRAROGAH/AKSHIROGAH,VARTMA-ROGAH,,LAGANAH
VIKARAH,NETRAROGAH/AKSHIROGAH,VARTMA-ROGAH,,BISAVARTMA
VIKARAH,NETRAROGAH/AKSHIROGAH,VARTMA-ROGAH,,KUNCANAH
VIKARAH,NETRAROGAH/AKSHIROGAH,VARTMA-ROGAH,,KRUCCRONMILAH
VIKARAH,NETRAROGAH/AKSHIROGAH,VARTMA-ROGAH,,PITTOTTKLISHTAH
VIKARAH,NETRAROGAH/AKSHIROGAH,VARTMA-ROGAH,,UTKLISHTAVARTMA
VIKARAH,NETRAROGAH/AKSHIROGAH,VARTMA-ROGAH,,SLISHTA-VARTMA
VIKARAH,NETRAROGAH/AKSHIROGAH,VARTMA-ROGAH,,SIKATA-VARTMA
VIKARAH,NETRAROGAH/AKSHIROGAH,PAKSHMAGATAROGAH,,PAKSHMAKOPAH/PAKSHMOPARODHA
VIKARAH,NETRAROGAH/AKSHIROGAH,PAKSHMAGATAROGAH,,PAKSHMASATAH
VIKARAH,NETRAROGAH/AKSHIROGAH,SUKLAGATAROGAH,,PRASTARI-ARMA
VIKARAH,NETRAROGAH/AKSHIROGAH,SUKLAGATAROGAH,,SUKLARMA
VIKARAH,NETRAROGAH/AKSHIROGAH,SUKLAGATAROGAH,,LOHITARMA/KSHATARMA
VIKARAH,NETRAROGAH/AKSHIROGAH,SUKLAGATAROGAH,,ADHIMAMSAJARMA
VIKARAH,NETRAROGAH/AKSHIROGAH,SUKLAGATAROGAH,,SNAYVARMA
VIKARAH,NETRAROGAH/AKSHIROGAH,SUKLAGATAROGAH,,SUKTIH
VIKARAH,NETRAROGAH/AKSHIROGAH,SUKLAGATAROGAH,,ARJUNAH
VIKARAH,NETRAROGAH/AKSHIROGAH,SUKLAGATAROGAH,,PISHTAKAH
VIKARAH,NETRAROGAH/AKSHIROGAH,SUKLAGATAROGAH,,SIRAJALAH
VIKARAH,NETRAROGAH/AKSHIROGAH,SUKLAGATAROGAH,,SIRAJAPIDAKA/SIRA
VIKARAH,NETRAROGAH/AKSHIROGAH,SUKLAGATAROGAH,,BALASAKAH/BALASAGRATHITAH
VIKARAH,NETRAROGAH/AKSHIROGAH,KRUSHNAGATAROGAH,,SAVRANASUKRAH/KSHATASUKLAH
VIKARAH,NETRAROGAH/AKSHIROGAH,KRUSHNAGATAROGAH,,ASADHYA-SAVRANASUKRAH
VIKARAH,NETRAROGAH/AKSHIROGAH,KRUSHNAGATAROGAH,,AVRANASUKRAH
VIKARAH,NETRAROGAH/AKSHIROGAH,KRUSHNAGATAROGAH,,KRUCCRASADHYA-AVRANASUKRAH
VIKARAH,NETRAROGAH/AKSHIROGAH,KRUSHNAGATAROGAH,,PAKATYAYAH/SIRASANGAH
VIKARAH,NETRAROGAH/AKSHIROGAH,KRUSHNAGATAROGAH,,AJAKA
VIKARAH,NETRAROGAH/AKSHIROGAH,KRUSHNAGATAROGAH,,SIRASUKRAH
VIKARAH,NETRAROGAH/AKSHIROGAH,SARVAGATAKSHIROGAH,,ABISHYANDAH
VIKARAH,NETRAROGAH/AKSHIROGAH,SARVAGATAKSHIROGAH,,VATABISHYANDAH
VIKARAH,NETRAROGAH/AKSHIROGAH,SARVAGATAKSHIROGAH,,PITTABISHYANDAH
VIKARAH,NETRAROGAH/AKSHIROGAH,SARVAGATAKSHIROGAH,,KAPABISHYANDAH
VIKARAH,NETRAROGAH/AKSHIROGAH,SARVAGATAKSHIROGAH,,RAKTABISHYANDAH
VIKARAH,NETRAROGAH/AKSHIROGAH,SARVAGATAKSHIROGAH,,ADHIMANTHAH
VIKARAH,NETRAROGAH/AKSHIROGAH,SARVAGATAKSHIROGAH,,VATAJA-ADHIMANTHAH
VIKARAH,NETRAROGAH/AKSHIROGAH,SARVAGATAKSHIROGAH,,PITTAJA-ADHIMANTHAH
VIKARAH,NETRAROGAH/AKSHIROGAH,SARVAGATAKSHIROGAH,,KAPAJA-ADHIMANTHAH
VIKARAH,NETRAROGAH/AKSHIROGAH,SARVAGATAKSHIROGAH,,RAKTAJA-ADHIMANTHAH
VIKARAH,NETRAROGAH/AKSHIROGAH,SARVAGATAKSHIROGAH,,SASOPAPAKAH
VIKARAH,NETRAROGAH/AKSHIROGAH,SARVAGATAKSHIROGAH,,ASOPAPAKAH
VIKARAH,NETRAROGAH/AKSHIROGAH,SARVAGATAKSHIROGAH,,HATADHIMANTHAH
VIKARAH,NETRAROGAH/AKSHIROGAH,SARVAGATAKSHIROGAH,,VATAPARYAYAH
VIKARAH,NETRAROGAH/AKSHIROGAH,SARVAGATAKSHIROGAH,,SUSHKAKSHIPAKAH
VIKARAH,NETRAROGAH/AKSHIROGAH,SARVAGATAKSHIROGAH,,ANYATOVATAH
VIKARAH,NETRAROGAH/AKSHIROGAH,SARVAGATAKSHIROGAH,,AMLADHYUSHITAH/AMLOSHITA
VIKARAH,NETRAROGAH/AKSHIROGAH,SARVAGATAKSHIROGAH,,SIROTPATAH/SIROTPATA
VIKARAH,NETRAROGAH/AKSHIROGAH,SARVAGATAKSHIROGAH,,SIRAPRAHARSHAH
VIKARAH,NETRAROGAH/AKSHIROGAH,SARVAGATAKSHIROGAH,,AKSHIPAKATYAYAH
VIKARAH,NETRAROGAH/AKSHIROGAH,DRUSHTIGATAROGAH,,TIMIRAH
VIKARAH,NETRAROGAH/AKSHIROGAH,DRUSHTIGATAROGAH,,PRATHAMA-PATALAGATADOSHAH
VIKARAH,NETRAROGAH/AKSHIROGAH,DRUSHTIGATAROGAH,,DVITIYA-PATALAGATADOSHAH
VIKARAH,NETRAROGAH/AKSHIROGAH,DRUSHTIGATAROGAH,,ADHAHSTHITA-DOSHAH
VIKARAH,NETRAROGAH/AKSHIROGAH,DRUSHTIGATAROGAH,,PARSVASTHITA-DOSHAH
VIKARAH,NETRAROGAH/AKSHIROGAH,DRUSHTIGATAROGAH,,SAMANTATAH STHITA-DOSHAH
VIKARAH,NETRAROGAH/AKSHIROGAH,DRUSHTIGATAROGAH,,DRUSHTIMADHYAGATA-DOSHAH
VIKARAH,NETRAROGAH/AKSHIROGAH,DRUSHTIGATAROGAH,,DVIDHASTHITADOSHAH
VIKARAH,NETRAROGAH/AKSHIROGAH,DRUSHTIGATAROGAH,,ANAVASTHITAH NETRADOSHAH
VIKARAH,NETRAROGAH/AKSHIROGAH,DRUSHTIGATAROGAH,,UPARISTHITA-NETRADOSHAH
VIKARAH,NETRAROGAH/AKSHIROGAH,DRUSHTIGATAROGAH,,TIRYAK-STHITA-DOSHAH
VIKARAH,NETRAROGAH/AKSHIROGAH,DRUSHTIGATAROGAH,,VATIKA-TIMIRAH
VIKARAH,NETRAROGAH/AKSHIROGAH,DRUSHTIGATAROGAH,,PAITTIKA-TIMIRAH
VIKARAH,NETRAROGAH/AKSHIROGAH,DRUSHTIGATAROGAH,,SLAISHMIKA-TIMIRAH
VIKARAH,NETRAROGAH/AKSHIROGAH,DRUSHTIGATAROGAH,,SANNIPATIKA-TIMIRAH
VIKARAH,NETRAROGAH/AKSHIROGAH,DRUSHTIGATAROGAH,,RAKTAJA-TIMIRAH
VIKARAH,NETRAROGAH/AKSHIROGAH,DRUSHTIGATAROGAH,,KACAH
VIKARAH,NETRAROGAH/AKSHIROGAH,DRUSHTIGATAROGAH,,TRUTIYAPATALAGATA-DOSHAH
VIKARAH,NETRAROGAH/AKSHIROGAH,DRUSHTIGATAROGAH,,VATIKA-KACAH
VIKARAH,NETRAROGAH/AKSHIROGAH,DRUSHTIGATAROGAH,,PAITTIKA KACAH
VIKARAH,NETRAROGAH/AKSHIROGAH,DRUSHTIGATAROGAH,,SLAISHMIKA-KACAH
VIKARAH,NETRAROGAH/AKSHIROGAH,DRUSHTIGATAROGAH,,SANNIPATIKA-KACAH
VIKARAH,NETRAROGAH/AKSHIROGAH,DRUSHTIGATAROGAH,,RAKTAJA-KACAH
VIKARAH,NETRAROGAH/AKSHIROGAH,DRUSHTIGATAROGAH,,LINGANASAH
VIKARAH,NETRAROGAH/AKSHIROGAH,DRUSHTIGATAROGAH,,CATURTHAPATALAGATA-DOSHAH
VIKARAH,NETRAROGAH/AKSHIROGAH,DRUSHTIGATAROGAH,,VATIKA-LINGANASAH
VIKARAH,NETRAROGAH/AKSHIROGAH,DRUSHTIGATAROGAH,,PAITTIKA-LINGANASAH
VIKARAH,NETRAROGAH/AKSHIROGAH,DRUSHTIGATAROGAH,,SLAISHMIKA-LINGANASAH
VIKARAH,NETRAROGAH/AKSHIROGAH,DRUSHTIGATAROGAH,,RAKTAJA-LINGANASAH
VIKARAH,NETRAROGAH/AKSHIROGAH,DRUSHTIGATAROGAH,,SANNIPATIKA-LINGANASAH
VIKARAH,NETRAROGAH/AKSHIROGAH,DRUSHTIGATAROGAH,,PARIMLAYI-LINGANASAH
VIKARAH,NETRAROGAH/AKSHIROGAH,DRUSHTIGATAROGAH,,ABIGHATAJA-LINGANASAH
VIKARAH,NETRAROGAH/AKSHIROGAH,DRUSHTIGATAROGAH,,LINGANASA-UPADRAVAH
VIKARAH,NETRAROGAH/AKSHIROGAH,DRUSHTIGATAROGAH,,AVARTAKI
VIKARAH,NETRAROGAH/AKSHIROGAH,DRUSHTIGATAROGAH,,SARKARADRUSHTIH
VIKARAH,NETRAROGAH/AKSHIROGAH,DRUSHTIGATAROGAH,,RAJIMATI
VIKARAH,NETRAROGAH/AKSHIROGAH,DRUSHTIGATAROGAH,,CINNAMSUKA
VIKARAH,NETRAROGAH/AKSHIROGAH,DRUSHTIGATAROGAH,,CANDRAKI
VIKARAH,NETRAROGAH/AKSHIROGAH,DRUSHTIGATAROGAH,,CATRAKI
VIKARAH,NETRAROGAH/AKSHIROGAH,DRUSHTIGATAROGAH,,PITTAVIDAGDHADRUSHTI/DIVANDHYAM
VIKARAH,NETRAROGAH/AKSHIROGAH,DRUSHTIGATAROGAH,,DOSHANDHAH
VIKARAH,NETRAROGAH/AKSHIROGAH,DRUSHTIGATAROGAH,,KAPAVIDAGDHADRUSHTI/RATRYANDHYAM
VIKARAH,NETRAROGAH/AKSHIROGAH,DRUSHTIGATAROGAH,,USHNAVIDAGDHADRUSHTIH/VIDAGDHOSHNAH
VIKARAH,NETRAROGAH/AKSHIROGAH,DRUSHTIGATAROGAH,,DHUMADARSI/DHUMARAH
VIKARAH,NETRAROGAH/AKSHIROGAH,DRUSHTIGATAROGAH,,HRASVAJADYAM
VIKARAH,NETRAROGAH/AKSHIROGAH,DRUSHTIGATAROGAH,,NAKULANDHYAM
VIKARAH,NETRAROGAH/AKSHIROGAH,DRUSHTIGATAROGAH,,GAMBIRA/DRUSHTIH
VIKARAH,NETRAROGAH/AKSHIROGAH,DRUSHTIGATAROGAH,,VIDAGDHAMLADRUSHTIH
VIKARAH,NETRAROGAH/AKSHIROGAH,BAHYA NETRAROGA,,NIMITTAJANYA-DRUSHTIGATAROGAH
VIKARAH,NETRAROGAH/AKSHIROGAH,BAHYA NETRAROGA,,ANIMITTAJANYA-DRUSHTIGATAROGAH/AUPASARGIKA-LINGANASAH
VIKARAH,NASAROGAH,,,PRATISYAYAH/PINASAH
VIKARAH,NASAROGAH,,,PRATISYAYA-PURVARUPAM
VIKARAH,NASAROGAH,,,DUSHTAPRATISYAYAH
VIKARAH,NASAROGAH,,,VATAJAPRATISYAYAH
VIKARAH,NASAROGAH,,,PITTAJA-PRATISYAYAH
VIKARAH,NASAROGAH,,,KAPAJA-PRATISYAYAH
VIKARAH,NASAROGAH,,,SANNIPATAJA-PRATISYAYAH
VIKARAH,NASAROGAH,,,RAKTAJA-PRATISYAYAH
VIKARAH,NASAROGAH,,,PAKVA-PRATISYAYAH
VIKARAH,NASAROGAH,,,KSHAYAJA-PRATISYAYAH
VIKARAH,NASAROGAH,,,ASADHYA-PRATISYAYAH
VIKARAH,NASAROGAH,,,PRATISYAYA-UPADRAVAH
VIKARAH,NASAROGAH,,,KSHAVATHUH
VIKARAH,NASAROGAH,,,AGANTUJA-KSHAVATHUH
VIKARAH,NASAROGAH,,,NASASOSHAH
VIKARAH,NASAROGAH,,,PRATINAHAH
VIKARAH,NASAROGAH,,,GHRANASRAVAH/NASASRAVAH
VIKARAH,NASAROGAH,,,APINASAH
VIKARAH,NASAROGAH,,,GHRANAPAKAH/NASAPAKAH
VIKARAH,NASAROGAH,,,NASASVAYATHUH
VIKARAH,NASAROGAH,,,VATAJA-NASASVAYATHUH
VIKARAH,NASAROGAH,,,PITTAJA-NASASVAYATHUH
VIKARAH,NASAROGAH,,,KAPAJA-NASASVAYATHUH
VIKARAH,NASAROGAH,,,SANNIPATAJA-NASASVAYATHUH
VIKARAH,NASAROGAH,,,NASARBUDAH
VIKARAH,NASAROGAH,,,VATAJA-NASARBUDAH
VIKARAH,NASAROGAH,,,PITTAJA-NASARBUDAH
VIKARAH,NASAROGAH,,,KAPAJA-NASARBUDAH
VIKARAH,NASAROGAH,,,RAKTAJA-NASARBUDAH
VIKARAH,NASAROGAH,,,MAMSAJA-NASARBUDAH
VIKARAH,NASAROGAH,,,MEDAJA-NASARBUDAH
VIKARAH,NASAROGAH,,,SARVATMAKA-NASARBUDAH
VIKARAH,NASAROGAH,,,PUYARAKTAM/PUYASONITAM
VIKARAH,NASAROGAH,,,PUTINASA
VIKARAH,NASAROGAH,,,ARUMSHIKA (NASA)
VIKARAH,NASAROGAH,,,DIPTAH
VIKARAH,NASAROGAH,,,BRAMSATHUH
VIKARAH,NASAROGAH,,,NASAGATA-RAKTAPITTAM
VIKARAH,NASAROGAH,,,NASARSAH
VIKARAH,NASAROGAH,,,VATAJANASARSAH
VIKARAH,NASAROGAH,,,PITTAJANASARSAH
VIKARAH,NASAROGAH,,,KAPAJANASARSAH
VIKARAH,NASAROGAH,,,SANNIPATAJANASARSAH
VIKARAH,NASAROGAH,,,PUTAKAH
VIKARAH,NASAROGAH,,,BRUSAKSHAVAH
VIKARAH,KARNAROGAH,,,VATAJAKARNAROGAH/VATAJAKARNASULA
VIKARAH,KARNAROGAH,,,PITTAJAKARNAROGAH
VIKARAH,KARNAROGAH,,,KAPAJAKARNAROGAH
VIKARAH,KARNAROGAH,,,SANNIPATAJAKARNAROGAH/SANNIPATIKA-KARNASULAH
VIKARAH,KARNAROGAH,,,RAKTAJAKARNAROGAH/RAKTAJAKARNASULA
VIKARAH,KARNAROGAH,,,KARNA-KANDU
VIKARAH,KARNAROGAH,,,KARNA-KSHVEDAH
VIKARAH,KARNAROGAH,,,KARNA-GUTHAKAH
VIKARAH,KARNAROGAH,,,KARNA-NADAH
VIKARAH,KARNAROGAH,,,KARNAPAKAH
VIKARAH,KARNAROGAH,,,KARNA-PRATINAHAH
VIKARAH,KARNAROGAH,,,KARNA-VIDRADHIH
VIKARAH,KARNAROGAH,,,DOSHA-VIDRADHIH
VIKARAH,KARNAROGAH,,,KSHATA-VIDRADHIH
VIKARAH,KARNAROGAH,,,KARNA-SOPAH/KARNASOTHAH
VIKARAH,KARNAROGAH,,,VATAJA-KARNASOPAH
VIKARAH,KARNAROGAH,,,PITTAJA-KARNASOPAH
VIKARAH,KARNAROGAH,,,KAPAJA-KARNASOPAH
VIKARAH,KARNAROGAH,,,SANNIPATAJA-KARNASOPAH
VIKARAH,KARNAROGAH,,,KARNA-SRAVAH
VIKARAH,KARNAROGAH,,,KARNARBUDAH
VIKARAH,KARNAROGAH,,,VATAJA-KARNARBUDAH
VIKARAH,KARNAROGAH,,,PITTAJA-KARNARBUDAH
VIKARAH,KARNAROGAH,,,KAPAJA-KARNARBUDAH
VIKARAH,KARNAROGAH,,,RAKTAJA-KARNARBUDAH
VIKARAH,KARNAROGAH,,,MAMSAJA-KARNARBUDAH
VIKARAH,KARNAROGAH,,,MEDAJA-KARNARBUDAH
VIKARAH,KARNAROGAH,,,SARVATMAKA-KARNARBUDAH
VIKARAH,KARNAROGAH,,,KARNARSAH
VIKARAH,KARNAROGAH,,,VATAJAKARNARSAH
VIKARAH,KARNAROGAH,,,PITTAJAKARNARSAH
VIKARAH,KARNAROGAH,,,KAPAJAKARNARSAH
VIKARAH,KARNAROGAH,,,SANNIPATAJAKARNARSAH
VIKARAH,KARNAROGAH,,,KRUMIKARNAKAH
VIKARAH,KARNAROGAH,,,PUTIKARNAH
VIKARAH,KARNAROGAH,,,BADHIRYAM
VIKARAH,KARNAROGAH,,,KARNASULAH
VIKARAH,KARNAROGAH,,,KUCI-KARNAKAH
VIKARAH,KARNAROGAH,,,KITA-PRAVISHTA-KARNAH
VIKARAH,KARNAROGAH,KARNAPALIROGAH,,UTPATAH
VIKARAH,KARNAROGAH,KARNAPALIROGAH,,UNMATHAKAH
VIKARAH,KARNAROGAH,KARNAPALIROGAH,,PIPPALI
VIKARAH,KARNAROGAH,KARNAPALIROGAH,,DUHKHAVARDHANAH
VIKARAH,KARNAROGAH,KARNAPALIROGAH,,PARIPOTAKAH
VIKARAH,KARNAROGAH,KARNAPALIROGAH,,PARILEHI
VIKARAH,KARNAROGAH,KARNAPALIROGAH,,PALISOSHAH
VIKARAH,KARNAROGAH,KARNAPALIROGAH,,VIDARI
VIKARAH,KARNAROGAH,KARNAPALIROGAH,,TANTRIKAH
VIKARAH,KARNAROGAH,KARNAPALIROGAH,,VATIKA-KARNAPALIROGAH
VIKARAH,KARNAROGAH,KARNAPALIROGAH,,PAITTIKA-KARNAPALIROGAH
VIKARAH,KARNAROGAH,KARNAPALIROGAH,,SLAISHMIKA-KARNAPALIROGAH
VIKARAH,VRANAH,VRANASOPAH,,VATAJA-VRANASOPAH
VIKARAH,VRANAH,VRANASOPAH,,PITTAJAVRANASOPAH
VIKARAH,VRANAH,VRANASOPAH,,KAPAJAVRANASOPAH
VIKARAH,VRANAH,VRANASOPAH,,SANNIPATAJAVRANASOPAH
VIKARAH,VRANAH,VRANASOPAH,,RAKTAJAVRANASOPAH
VIKARAH,VRANAH,VRANASOPAH,,ABIGHATAJAVRANASOPAH
VIKARAH,VRANAH,,,NIJAVRANAH
VIKARAH,VRANAH,,,VATAJAVRANAH/VATAJADUSHTAVRANA
VIKARAH,VRANAH,,,ASADHYA-VATAJAJANYAVRANAH
VIKARAH,VRANAH,,,PITTAJAVRANAH
VIKARAH,VRANAH,,,ASADHYA-PITTAJANYAVRANAH
VIKARAH,VRANAH,,,SLESHMAJAVRANAH
VIKARAH,VRANAH,,,ASADHYA-SLESHMAJAVRANAH
VIKARAH,VRANAH,,,RAKTAJAVRANAH
VIKARAH,VRANAH,,,VATAPITTAJAVRANAH
VIKARAH,VRANAH,,,VATAKAPAJAVRANAH
VIKARAH,VRANAH,,,PITTAKAPAJAVRANAH
VIKARAH,VRANAH,,,VATARAKTAJAVRANAH
VIKARAH,VRANAH,,,PITTARAKTAJAVRANAH
VIKARAH,VRANAH,,,KAPARAKTAJAVRANAH
VIKARAH,VRANAH,,,VATAPITTARAKTAJAVRANAH
VIKARAH,VRANAH,,,VATAKAPARAKTAJA-VRANAH
VIKARAH,VRANAH,,,PITTAKAPARAKTAJA-VRANAH
VIKARAH,VRANAH,,,VATAPITTAKAPAJA-VRANAH
VIKARAH,VRANAH,,,VATAPITTAKAPARAKTAJA-VRANAH
VIKARAH,VRANAH,,,AGANTUJAVRANAH
VIKARAH,VRANAH,,,SADYOVRANAH
VIKARAH,VRANAH,,,KSHATAH NIPATITA-SADYOVRANAH
VIKARAH,VRANAH,,,PICCITAH/PRACALITAH/VIDALITAH
VIKARAH,VRANAH,,,GHRUSHTAH
VIKARAH,VRANAH,,,AVAKRUTTAH/AVIKLRUPTAH
VIKARAH,VRANAH,,,VILAMBI
VIKARAH,VRANAH,,,SUDDHAVRANAH
VIKARAH,VRANAH,,,RUHYAMANAVRANAH
VIKARAH,VRANAH,,,SAMYAGRUDHAVRANAH
VIKARAH,VRANAH,,,ASADHYA-VRANAH
VIKARAH,VRANAH,,,VRANAPURVARUPAM
VIKARAH,VRANAH,,,VRANA-UPADRAVAH
VIKARAH,VRANAH,,,VRANA-ARISHTAH
VIKARAH,VRANAH,,,DUSHTAVRANAH
VIKARAH,VRANAH,,,ASTHIGATAVRANAH
VIKARAH,VRANAH,,,SIRAGATAVRANAH
VIKARAH,VRANAH,,,SASALYAVRANAH
VIKARAH,VRANAH,,,NADIVRANAH
VIKARAH,VRANAH,,,VATAJANADIVRANAH
VIKARAH,VRANAH,,,PITTAJANADIVRANAH
VIKARAH,VRANAH,,,KAPAJANADIVRANAH
VIKARAH,VRANAH,,,DVANDVAJANADIVRANAH
VIKARAH,VRANAH,,,SANNIPATAJANADIVRANAH
VIKARAH,VRANAH,,,SALYANIMITTAJAVRANAH
VIKARAH,VRANAH,,,VRANAYAMAH
VIKARAH,VRANAH,,,ASADHYA-VRANAYAMAH/UPADRAVAH
VIKARAH,ABIGHATAH,BAGNAH,,SANDHIMUKTAM
VIKARAH,ABIGHATAH,BAGNAH,,UTPISHTA-SANDHIMUKTAM
VIKARAH,ABIGHATAH,BAGNAH,,VISLISHTA-SANDHIMUKTAM
VIKARAH,ABIGHATAH,BAGNAH,,VIVARTITA-SANDHIMUKTAM
VIKARAH,ABIGHATAH,BAGNAH,,AVAKSHIPTA-SANDHIMUKTAM/ADHAHKSHIPTA-SANDHIMUKTAM
VIKARAH,ABIGHATAH,BAGNAH,,ATIKSHIPTA-SANDHIMUKTAM
VIKARAH,ABIGHATAH,BAGNAH,,TIRYAKAKSHIPTA-SANDHIMUKTAM
VIKARAH,ABIGHATAH,BAGNAH,,KANDABAGNA-ADHIKARANAM
VIKARAH,ABIGHATAH,BAGNAH,,KARKATAKA-BAGNAH
VIKARAH,ABIGHATAH,BAGNAH,,ASVAKARNAH
VIKARAH,ABIGHATAH,BAGNAH,,CURNITAH
VIKARAH,ABIGHATAH,BAGNAH,,PICCITAH
VIKARAH,ABIGHATAH,BAGNAH,,ASTHICILLITAH
VIKARAH,ABIGHATAH,BAGNAH,,KANDABAGNAH
VIKARAH,ABIGHATAH,BAGNAH,,MAJJANUGATA-BAGNAH
VIKARAH,ABIGHATAH,BAGNAH,,ATIPATITA-BAGNAH
VIKARAH,ABIGHATAH,BAGNAH,,VAKRA-BAGNAH
VIKARAH,ABIGHATAH,BAGNAH,,CINNABAGNAH
VIKARAH,ABIGHATAH,BAGNAH,,PATITABAGNAH
VIKARAH,ABIGHATAH,BAGNAH,,SPUTITA-BAGNAH
VIKARAH,ABIGHATAH,BAGNAH,,VIVIDHA-AVAYAVA-BAGNAH
VIKARAH,ABIGHATAH,BAGNAH,,AKSHAKASTHI-BAGNAH
VIKARAH,ABIGHATAH,BAGNAH,,KAPALA-BAGNAH
VIKARAH,ABIGHATAH,BAGNAH,,KARNA-BAGNAH
VIKARAH,ABIGHATAH,BAGNAH,,NASA-BAGNAH
VIKARAH,ABIGHATAH,BAGNAH,,HANU-BAGNAH
VIKARAH,ABIGHATAH,BAGNAH,,DANTA-BAGNAH
VIKARAH,ABIGHATAH,BAGNAH,,GRIVA-BAGNAH
VIKARAH,ABIGHATAH,BAGNAH,,SKANDHA-BAGNAH
VIKARAH,ABIGHATAH,BAGNAH,,BAHU-BAGNAH
VIKARAH,ABIGHATAH,BAGNAH,,KURPARA-BAGNAH
VIKARAH,ABIGHATAH,BAGNAH,,ANGULI-BAGNAH
VIKARAH,ABIGHATAH,BAGNAH,,NAKHA-SANDHI-BAGNAH
VIKARAH,ABIGHATAH,BAGNAH,,PARSUKASTHI-BAGNAH
VIKARAH,ABIGHATAH,BAGNAH,,URVASTHI-BAGNAH
VIKARAH,ABIGHATAH,BAGNAH,,URU-BAGNAH
VIKARAH,ABIGHATAH,BAGNAH,,JANGKA-BAGNAH
VIKARAH,ABIGHATAH,BAGNAH,,PADATALA-BAGNAH
VIKARAH,ABIGHATAH,BAGNAH,,DUSSADHYA-BAGNAH
VIKARAH,ABIGHATAH,BAGNAH,,ASADHYA-BAGNAH
VIKARAH,ABIGHATAH,DAGDHAH,,AGNIDAGDHAH
VIKARAH,ABIGHATAH,DAGDHAH,,PLUSHTADAGDHAH/TUCCADAGDHAH
VIKARAH,ABIGHATAH,DAGDHAH,,DURDAGDHAM
VIKARAH,ABIGHATAH,DAGDHAH,,SAMYAGDAGDHAH
VIKARAH,ABIGHATAH,DAGDHAH,,ATIDAGDHAH
VIKARAH,ABIGHATAH,DAGDHAH,,SNEHADAGDHAH
VIKARAH,ABIGHATAH,DAGDHAH,,USHNAVATATAPA-DAGDHAH
VIKARAH,ABIGHATAH,DAGDHAH,,TVAK-DAGDHAH
VIKARAH,ABIGHATAH,DAGDHAH,,MAMSADAGDHAH
VIKARAH,ABIGHATAH,DAGDHAH,,SIRADAGDHAH
VIKARAH,ABIGHATAH,DAGDHAH,,SNAYUDAGDHAH
VIKARAH,ABIGHATAH,DAGDHAH,,SANDHYASTHIDAGDHA
VIKARAH,ABIGHATAH,DHUMAH,,DHUMOPAHATAH
VIKARAH,ABIGHATAH,MARMAVIDDHAH/MARMABIGHATAH/MARMAKSHATAH,,SAKHA-MARMAVIDDHAH
VIKARAH,ABIGHATAH,MARMAVIDDHAH/MARMABIGHATAH/MARMAKSHATAH,,TALAHRUDAYA-MARMAVIDDHAH
VIKARAH,ABIGHATAH,MARMAVIDDHAH/MARMABIGHATAH/MARMAKSHATAH,,KSHIPRA-MARMAVIDDHAH
VIKARAH,ABIGHATAH,MARMAVIDDHAH/MARMABIGHATAH/MARMAKSHATAH,,KURCA-MARMAVIDDHAH
VIKARAH,ABIGHATAH,MARMAVIDDHAH/MARMABIGHATAH/MARMAKSHATAH,,KURCASIRA-MARMAVIDDHAH
VIKARAH,ABIGHATAH,MARMAVIDDHAH/MARMABIGHATAH/MARMAKSHATAH,,GULPA-MARMAVIDDHAH
VIKARAH,ABIGHATAH,MARMAVIDDHAH/MARMABIGHATAH/MARMAKSHATAH,,INDRABASTI-MARMAVIDDHAH
VIKARAH,ABIGHATAH,MARMAVIDDHAH/MARMABIGHATAH/MARMAKSHATAH,,JANU-MARMAVIDDHAH
VIKARAH,ABIGHATAH,MARMAVIDDHAH/MARMABIGHATAH/MARMAKSHATAH,,ANI-MARMAVIDDHAH
VIKARAH,ABIGHATAH,MARMAVIDDHAH/MARMABIGHATAH/MARMAKSHATAH,,URVI-MARMAVIDDHAH
VIKARAH,ABIGHATAH,MARMAVIDDHAH/MARMABIGHATAH/MARMAKSHATAH,,LOHITA-MARMAVIDDHAH
VIKARAH,ABIGHATAH,MARMAVIDDHAH/MARMABIGHATAH/MARMAKSHATAH,,VITAPA-MARMAVIDDHAH
VIKARAH,ABIGHATAH,MARMAVIDDHAH/MARMABIGHATAH/MARMAKSHATAH,,MANIBANDHA-MARMAVIDDHAH
VIKARAH,ABIGHATAH,MARMAVIDDHAH/MARMABIGHATAH/MARMAKSHATAH,,KURPARA-MARMAVIDDHAH
VIKARAH,ABIGHATAH,MARMAVIDDHAH/MARMABIGHATAH/MARMAKSHATAH,,KAKSHADHARA-MARMAVIDDHAH
VIKARAH,ABIGHATAH,MARMAVIDDHAH/MARMABIGHATAH/MARMAKSHATAH,,MADHYAMANGA-MARMAVIDDHAH
VIKARAH,ABIGHATAH,MARMAVIDDHAH/MARMABIGHATAH/MARMAKSHATAH,,GUDA-MARMAVIDDHAH
VIKARAH,ABIGHATAH,MARMAVIDDHAH/MARMABIGHATAH/MARMAKSHATAH,,BASTI-MARMAVIDDHAH
VIKARAH,ABIGHATAH,MARMAVIDDHAH/MARMABIGHATAH/MARMAKSHATAH,,NABI-MARMAVIDDHAH
VIKARAH,ABIGHATAH,MARMAVIDDHAH/MARMABIGHATAH/MARMAKSHATAH,,HRUDAYA--MARMAVIDDHAH
VIKARAH,ABIGHATAH,MARMAVIDDHAH/MARMABIGHATAH/MARMAKSHATAH,,STANAROHITA-MARMAVIDDHAH
VIKARAH,ABIGHATAH,MARMAVIDDHAH/MARMABIGHATAH/MARMAKSHATAH,,STANAMULA-MARMAVIDDHAH
VIKARAH,ABIGHATAH,MARMAVIDDHAH/MARMABIGHATAH/MARMAKSHATAH,,APASTAMBA-MARMAVIDDHAH
VIKARAH,ABIGHATAH,MARMAVIDDHAH/MARMABIGHATAH/MARMAKSHATAH,,APALAPA-MARMAVIDDHAH
VIKARAH,ABIGHATAH,MARMAVIDDHAH/MARMABIGHATAH/MARMAKSHATAH,,KATIKATARUNA-MARMAVIDDHAH
VIKARAH,ABIGHATAH,MARMAVIDDHAH/MARMABIGHATAH/MARMAKSHATAH,,KUKUNDARA-MARMAVIDDHAH
VIKARAH,ABIGHATAH,MARMAVIDDHAH/MARMABIGHATAH/MARMAKSHATAH,,NITAMBA-MARMAVIDDHAH
VIKARAH,ABIGHATAH,MARMAVIDDHAH/MARMABIGHATAH/MARMAKSHATAH,,PARSVASANDHI-MARMAVIDDHAH
VIKARAH,ABIGHATAH,MARMAVIDDHAH/MARMABIGHATAH/MARMAKSHATAH,,BRUHATI-MARMAVIDDHAH
VIKARAH,ABIGHATAH,MARMAVIDDHAH/MARMABIGHATAH/MARMAKSHATAH,,AMSAPALAKA-MARMAVIDDHAH
VIKARAH,ABIGHATAH,MARMAVIDDHAH/MARMABIGHATAH/MARMAKSHATAH,,AMSA-MARMAVIDDHAH
VIKARAH,ABIGHATAH,MARMAVIDDHAH/MARMABIGHATAH/MARMAKSHATAH,,JATRURDHVA-MARMAVIDDHAH
VIKARAH,ABIGHATAH,MARMAVIDDHAH/MARMABIGHATAH/MARMAKSHATAH,,NILA-MARMAVIDDHAH
VIKARAH,ABIGHATAH,MARMAVIDDHAH/MARMABIGHATAH/MARMAKSHATAH,,MANYA-MARMAVIDDHAH
VIKARAH,ABIGHATAH,MARMAVIDDHAH/MARMABIGHATAH/MARMAKSHATAH,,KRUKATIKA-MARMAVIDDHAH
VIKARAH,ABIGHATAH,MARMAVIDDHAH/MARMABIGHATAH/MARMAKSHATAH,,MATRUKA-MARMAVIDDHAH
VIKARAH,ABIGHATAH,MARMAVIDDHAH/MARMABIGHATAH/MARMAKSHATAH,,VIDHURA-MARMAVIDDHAH
VIKARAH,ABIGHATAH,MARMAVIDDHAH/MARMABIGHATAH/MARMAKSHATAH,,PANA-MARMAVIDDHAH
VIKARAH,ABIGHATAH,MARMAVIDDHAH/MARMABIGHATAH/MARMAKSHATAH,,APANGA-MARMAVIDDHAH
VIKARAH,ABIGHATAH,MARMAVIDDHAH/MARMABIGHATAH/MARMAKSHATAH,,AVARTA-MARMAVIDDHAH
VIKARAH,ABIGHATAH,MARMAVIDDHAH/MARMABIGHATAH/MARMAKSHATAH,,SAMKHAMARMAVIDDHAH
VIKARAH,ABIGHATAH,MARMAVIDDHAH/MARMABIGHATAH/MARMAKSHATAH,,UTKSHEPA-MARMAVIDDHAH
VIKARAH,ABIGHATAH,MARMAVIDDHAH/MARMABIGHATAH/MARMAKSHATAH,,STHAPANI-MARMAVIDDHAH
VIKARAH,ABIGHATAH,MARMAVIDDHAH/MARMABIGHATAH/MARMAKSHATAH,,SRUMGATAKA-MARMAVIDDHAH
VIKARAH,ABIGHATAH,MARMAVIDDHAH/MARMABIGHATAH/MARMAKSHATAH,,SIMANTA-MARMAVIDDHAH
VIKARAH,ABIGHATAH,MARMAVIDDHAH/MARMABIGHATAH/MARMAKSHATAH,,ADHIPATI-MARMAVIDDHAH
VIKARAH,ABIGHATAH,MARMAVIDDHAH/MARMABIGHATAH/MARMAKSHATAH,,MAMSAMARMAVIDDHAH/ANUKTAMAMSAMARMANO VIDDHASYA LINGAM
VIKARAH,ABIGHATAH,MARMAVIDDHAH/MARMABIGHATAH/MARMAKSHATAH,,SIRAMARMAVIDDHAH
VIKARAH,ABIGHATAH,MARMAVIDDHAH/MARMABIGHATAH/MARMAKSHATAH,,SNAYUMARMAVIDDHAH
VIKARAH,ABIGHATAH,MARMAVIDDHAH/MARMABIGHATAH/MARMAKSHATAH,,SANDHIMARMAVIDDHAH
VIKARAH,ABIGHATAH,MARMAVIDDHAH/MARMABIGHATAH/MARMAKSHATAH,,ASTHIMARMAVIDDHAH
VIKARAH,ABIGHATAH,MARMAVIDDHAH/MARMABIGHATAH/MARMAKSHATAH,,DHAMANIMARMAVIDDHAH
VIKARAH,ABIGHATAH,MARMAVIDDHAH/MARMABIGHATAH/MARMAKSHATAH,,SADYOPRANAHARAMARMAVIDDHAH
VIKARAH,ABIGHATAH,MARMAVIDDHAH/MARMABIGHATAH/MARMAKSHATAH,,KALANTARAMARMAVIDDHAH
VIKARAH,ABIGHATAH,MARMAVIDDHAH/MARMABIGHATAH/MARMAKSHATAH,,VISALYAGHNAMARMAVIDDHAH
VIKARAH,ABIGHATAH,MARMAVIDDHAH/MARMABIGHATAH/MARMAKSHATAH,,VAIKALYAKARAMARMAVIDDHAH
VIKARAH,ABIGHATAH,MARMAVIDDHAH/MARMABIGHATAH/MARMAKSHATAH,,MARMABIGHATAJADAHAH
VIKARAH,ABIGHATAH,SALYAH,,TVAGGATA-SALYAH
VIKARAH,ABIGHATAH,SALYAH,,MAMSAGATA-SALYAH
VIKARAH,ABIGHATAH,SALYAH,,PESYANTARAGATA-SALYAH
VIKARAH,ABIGHATAH,SALYAH,,SIRAGATA-SALYAH
VIKARAH,ABIGHATAH,SALYAH,,SNAYUGATA-SALYAH
VIKARAH,ABIGHATAH,SALYAH,,SANDHIGATA-SALYAH
VIKARAH,ABIGHATAH,SALYAH,,ASTHIGATA-SALYAH
VIKARAH,ABIGHATAH,SALYAH,,DHAMANISTHA-SALYAH
VIKARAH,ABIGHATAH,SALYAH,,KOSHTHAGATA-SALYAH
VIKARAH,ABIGHATAH,SALYAH,,ASTHIVIVARAGATA-SALYA
VIKARAH,ABIGHATAH,SALYAH,,MARMAGATA-SALYA
VIKARAH,ABIGHATAH,CINNA-SADYOVRANAH,,AMASOPACEDAH
VIKARAH,ABIGHATAH,CINNA-SADYOVRANAH,,SEVANI-CEDAH
VIKARAH,ABIGHATAH,BINNA-SADYOVRANAH,,KOSHTHA-ABIGHATAH/BINNAH
VIKARAH,ABIGHATAH,BINNA-SADYOVRANAH,,KOSHTAGATARUDHIRAH/RAKTAPURNAKOSHTHAH
VIKARAH,ABIGHATAH,BINNA-SADYOVRANAH,,AMASAYASTHA-RUDHIRAH
VIKARAH,ABIGHATAH,BINNA-SADYOVRANAH,,PAKVASAYASTHA-RUDHIRAH
VIKARAH,ABIGHATAH,BINNA-SADYOVRANAH,,ASADHYA-KOSHTHABEDAH
VIKARAH,ABIGHATAH,VIDDHAH,,SIRAVIDDHAH
VIKARAH,ABIGHATAH,VIDDHAH,,SNAYUVIDDHAH
VIKARAH,ABIGHATAH,VIDDHAH,,CALACALA-SANDHIKSHATAH
VIKARAH,ABIGHATAH,VIDDHAH,,SROTOVIDDHAH
VIKARAH,ABIGHATAH,VIDDHAH,,PRANAVAHASROTOVIDDHA
VIKARAH,ABIGHATAH,VIDDHAH,,ANNAVAHASROTOVIDDHAH
VIKARAH,ABIGHATAH,VIDDHAH,,UDAKAVAHASROTOVIDDHAH
VIKARAH,ABIGHATAH,VIDDHAH,,RASAVAHASROTOVIDDHA
VIKARAH,ABIGHATAH,VIDDHAH,,RAKTAVAHASROTOVIDDHA
VIKARAH,ABIGHATAH,VIDDHAH,,MAMSAVAHASROTOVIDDHAH
VIKARAH,ABIGHATAH,VIDDHAH,,MEDOVAHASROTOVIDDHA
VIKARAH,ABIGHATAH,VIDDHAH,,ASTHIVAHASROTOVIDDHAH
VIKARAH,ABIGHATAH,VIDDHAH,,SUKRAVAHASROTOVIDDHAH
VIKARAH,ABIGHATAH,VIDDHAH,,ARTTAVAVAHASROTOVIDDHA
VIKARAH,ABIGHATAH,VIDDHAH,,MUTRAVAHASROTOVIDDHAH
VIKARAH,ABIGHATAH,VIDDHAH,,PURISHAVAHASROTOVIDDHAH
VIKARAH,ABIGHATAH,,,SARVANGABIHATAH
VIKARAH,ABIGHATAH,,,RAKTATIPRAVRUTTIH
VIKARAH,ABIGHATAH,,,MUTRAPRASEKA-KSHANANAM
VIKARAH,ABIGHATAH,,,SIROBIGHATAH
VIKARAH,ABIGHATAH,,,BASTI-ABIGHATAH
VIKARAH,ABIGHATAH,,,MUSHKASROTO^^ABIGHATA/UPAGHATA
VIKARAH,ABIGHATAH,,,SITABIHATAH
VIKARAH,BALAROGAH,NADIKALPANA-VYAPAT,,AYAMA�UTTUNDITA
VIKARAH,BALAROGAH,NADIKALPANA-VYAPAT,,VYAYAMA-UTTUNDITA
VIKARAH,BALAROGAH,NADIKALPANA-VYAPAT,,PINDALIKA
VIKARAH,BALAROGAH,NADIKALPANA-VYAPAT,,VINAMIKA
VIKARAH,BALAROGAH,NADIKALPANA-VYAPAT,,VIJRUMBIKA
VIKARAH,BALAROGAH,NADIKALPANA-VYAPAT,,TUNDI
VIKARAH,BALAROGAH,BALAGRAHAH,,SKANDAGRAHAH
VIKARAH,BALAROGAH,BALAGRAHAH,,SKANDAPASMARAH
VIKARAH,BALAROGAH,BALAGRAHAH,,SAKUNIGRAHAH
VIKARAH,BALAROGAH,BALAGRAHAH,,REVATIGRAHAH
VIKARAH,BALAROGAH,BALAGRAHAH,,PUTANAGRAHAH
VIKARAH,BALAROGAH,BALAGRAHAH,,ANDHAPUTANAGRAHAH
VIKARAH,BALAROGAH,BALAGRAHAH,,SITAPUTANAGRAHAH
VIKARAH,BALAROGAH,BALAGRAHAH,,MUKHAMANDIKAGRAHAH
VIKARAH,BALAROGAH,BALAGRAHAH,,NAIGAMESHAGRAHAH
VIKARAH,BALAROGAH,BALAGRAHAH,,SVAGRAHAH
VIKARAH,BALAROGAH,BALAGRAHAH,,PITRUGRAHAH
VIKARAH,BALAROGAH,BALAGRAHAH,,SUSHKAREVATIGRAHAH
VIKARAH,BALAROGAH,BALAGRAHAH,,ASADHYA-SUSHKAREVATIGRAHAH
VIKARAH,BALAROGAH,BALAGRAHAH,,ASADHYA-BALAGRAHAH
VIKARAH,BALAROGAH,DUSHTASTANYAPANAJANYAROGAH,,VATADUSHTASTANYAPANAJANYAROGAH
VIKARAH,BALAROGAH,DUSHTASTANYAPANAJANYAROGAH,,PITTADUSHTASTANYAPANAJANYAROGAH
VIKARAH,BALAROGAH,DUSHTASTANYAPANAJANYAROGAH,,KAPADUSHTASTANYAPANAJANYAROGAH
VIKARAH,BALAROGAH,BALAROGAH-SANKIRNA,,DANTODGAMAH
VIKARAH,BALAROGAH,BALAROGAH-SANKIRNA,,DANTAGHATAH
VIKARAH,BALAROGAH,BALAROGAH-SANKIRNA,,DANTASABDAH
VIKARAH,BALAROGAH,BALAROGAH-SANKIRNA,,AKALADANTAH
VIKARAH,BALAROGAH,BALAROGAH-SANKIRNA,,AHIPUTANA/AHIPUTANAKAH
VIKARAH,BALAROGAH,BALAROGAH-SANKIRNA,,MUKHASRAVAH
VIKARAH,BALAROGAH,BALAROGAH-SANKIRNA,,GUDAPAKAH/GUDAKUTTANAM
VIKARAH,BALAROGAH,BALAROGAH-SANKIRNA,,TALUKANTAKAH
VIKARAH,BALAROGAH,BALAROGAH-SANKIRNA,,VICCINNAH
VIKARAH,BALAROGAH,BALAROGAH-SANKIRNA,,PARIGARBIKAH
VIKARAH,BALAROGAH,BALAROGAH-SANKIRNA,,DAURBALYAM
VIKARAH,BALAROGAH,BALAROGAH-SANKIRNA,,KUMARASOSHAH
VIKARAH,BALAROGAH,BALAROGAH-SANKIRNA,,SAYYAMUTRATVAM
VIKARAH,BALAROGAH,BALAROGAH-SANKIRNA,,KUKUNAKAH
VIKARAH,BALAROGAH,BALAROGAH-SANKIRNA,,RODANAH
VIKARAH,BALAROGAH,BALAROGAH-SANKIRNA,,MAHAPADMAH
VIKARAH,BALAROGAH,BALAROGAH-SANKIRNA,,PAKKA-ROGAH
VIKARAH,BALAROGAH,BALAROGAH-SANKIRNA,,KSHIRALASAKAH
VIKARAH,BALAROGAH,BALAROGAH-SANKIRNA,,BALA-KOSHTHARUK
VIKARAH,BALAROGAH,BALAROGAH-SANKIRNA,,BALA-HRUDAYARUK
VIKARAH,BALAROGAH,BALAROGAH-SANKIRNA,,BALA-GUHYARUK
VIKARAH,BALAROGAH,BALAROGAH-SANKIRNA,,BALA-PAKSHAGHATAH
VIKARAH,BALAROGAH,BALAROGAH-SANKIRNA,,BALA-BASTIROGA
VIKARAH,KRUMIH/SANJATAKRUMI,BAHYAJAKRUMIH,,YUKA
VIKARAH,KRUMIH/SANJATAKRUMI,BAHYAJAKRUMIH,,LIKSHA BAHYAKRUMIH
VIKARAH,KRUMIH/SANJATAKRUMI,BAHYAJAKRUMIH,,PIPILIKA BAHYAKRUMIH
VIKARAH,KRUMIH/SANJATAKRUMI,ABYANTARA-KRUMIH,,SONITAJAKRUMIH/RAKTAJAKRUMIH
VIKARAH,KRUMIH/SANJATAKRUMI,ABYANTARA-KRUMIH,,KESADAH
VIKARAH,KRUMIH/SANJATAKRUMI,ABYANTARA-KRUMIH,,ROMADAH/LOMADAH
VIKARAH,KRUMIH/SANJATAKRUMI,ABYANTARA-KRUMIH,,LOMAVIDHVAMSAH
VIKARAH,KRUMIH/SANJATAKRUMI,ABYANTARA-KRUMIH,,LOMADVIPAH
VIKARAH,KRUMIH/SANJATAKRUMI,ABYANTARA-KRUMIH,,SAURASAH
VIKARAH,KRUMIH/SANJATAKRUMI,ABYANTARA-KRUMIH,,AUDUMVARAH
VIKARAH,KRUMIH/SANJATAKRUMI,ABYANTARA-KRUMIH,,JANTUMATRU
VIKARAH,KRUMIH/SANJATAKRUMI,ABYANTARA-KRUMIH,,NAKHADAH
VIKARAH,KRUMIH/SANJATAKRUMI,ABYANTARA-KRUMIH,,DANTADAH
VIKARAH,KRUMIH/SANJATAKRUMI,ABYANTARA-KRUMIH,,KIKKISAH
VIKARAH,KRUMIH/SANJATAKRUMI,ABYANTARA-KRUMIH,,SONITAJAKRUMIH
VIKARAH,KRUMIH/SANJATAKRUMI,ABYANTARA-KRUMIH,,PARISARPAH
VIKARAH,KRUMIH/SANJATAKRUMI,ABYANTARA-KRUMIH,,KAPAJAKRUMIH
VIKARAH,KRUMIH/SANJATAKRUMI,ABYANTARA-KRUMIH,,ANTRADAH
VIKARAH,KRUMIH/SANJATAKRUMI,ABYANTARA-KRUMIH,,UDARADAH/UDARAVESHTAH
VIKARAH,KRUMIH/SANJATAKRUMI,ABYANTARA-KRUMIH,,HRUDAYADAH/HRUDAYODAKAH
VIKARAH,KRUMIH/SANJATAKRUMI,ABYANTARA-KRUMIH,,CURUH/KURUH
VIKARAH,KRUMIH/SANJATAKRUMI,ABYANTARA-KRUMIH,,DARBAPUSHPAH
VIKARAH,KRUMIH/SANJATAKRUMI,ABYANTARA-KRUMIH,,SAUGANDHIKAH
VIKARAH,KRUMIH/SANJATAKRUMI,ABYANTARA-KRUMIH,,MAHAGUDAH/MAHAKUHAH
VIKARAH,KRUMIH/SANJATAKRUMI,ABYANTARA-KRUMIH,,MAHAPUSHPAH
VIKARAH,KRUMIH/SANJATAKRUMI,ABYANTARA-KRUMIH,,PRALUNAH
VIKARAH,KRUMIH/SANJATAKRUMI,ABYANTARA-KRUMIH,,CIPITAH
VIKARAH,KRUMIH/SANJATAKRUMI,ABYANTARA-KRUMIH,,PIPILIKA
VIKARAH,KRUMIH/SANJATAKRUMI,ABYANTARA-KRUMIH,,DARUNAKRUMIH
VIKARAH,KRUMIH/SANJATAKRUMI,ABYANTARA-KRUMIH,,PURISHAJAKRUMIH
VIKARAH,KRUMIH/SANJATAKRUMI,ABYANTARA-KRUMIH,,KAKERUKAH
VIKARAH,KRUMIH/SANJATAKRUMI,ABYANTARA-KRUMIH,,MAKERUKAH
VIKARAH,KRUMIH/SANJATAKRUMI,ABYANTARA-KRUMIH,,LELIHAH
VIKARAH,KRUMIH/SANJATAKRUMI,ABYANTARA-KRUMIH,,SASULAKAH
VIKARAH,KRUMIH/SANJATAKRUMI,ABYANTARA-KRUMIH,,SAUSURADAH/SAUSULAKAH
VIKARAH,KRUMIH/SANJATAKRUMI,ABYANTARA-KRUMIH,,AJAVAH
VIKARAH,KRUMIH/SANJATAKRUMI,ABYANTARA-KRUMIH,,VIJAVAH
VIKARAH,KRUMIH/SANJATAKRUMI,ABYANTARA-KRUMIH,,KIPYA
VIKARAH,KRUMIH/SANJATAKRUMI,ABYANTARA-KRUMIH,,CIPYAH
VIKARAH,KRUMIH/SANJATAKRUMI,ABYANTARA-KRUMIH,,GANDUPADAH
VIKARAH,KRUMIH/SANJATAKRUMI,ABYANTARA-KRUMIH,,DVIMUKHAH
VIKARAH,KRUMIH/SANJATAKRUMI,ABYANTARA-KRUMIH,,SULUNA
VIKARAH,KRUMIH/SANJATAKRUMI,ABYANTARA-KRUMIH,,KAPASONITAJAKRUMIH
VIKARAH,KRUMIH/SANJATAKRUMI,ABYANTARA-KRUMIH,,SNAYUKA/KRUMIH
VIKARAH,KRUMIH/SANJATAKRUMI,ABYANTARA-KRUMIH,,VATIKA SNAYUKA
VIKARAH,KRUMIH/SANJATAKRUMI,ABYANTARA-KRUMIH,,PITTAJA SNAYUKA
VIKARAH,KSHUDRAROGAH,,,AGNIROHINI
VIKARAH,KSHUDRAROGAH,,,AJAGALLIKA
VIKARAH,KSHUDRAROGAH,,,ANUSAYI
VIKARAH,KSHUDRAROGAH,,,ANDHALAJI/ANTRALAJI
VIKARAH,KSHUDRAROGAH,,,AVAPIDAKAH
VIKARAH,KSHUDRAROGAH,,,ALASAH
VIKARAH,KSHUDRAROGAH,,,ARUMSHIKA
VIKARAH,KSHUDRAROGAH,,,INDRAVIDDHA
VIKARAH,KSHUDRAROGAH,,,UTKOTHAH
VIKARAH,KSHUDRAROGAH,,,KOTHAH
VIKARAH,KSHUDRAROGAH,,,IRIVELLIKA
VIKARAH,KSHUDRAROGAH,,,KAKSHAH
VIKARAH,KSHUDRAROGAH,,,KACCAPIKA
VIKARAH,KSHUDRAROGAH,,,KADARAH
VIKARAH,KSHUDRAROGAH,,,KUNAKHAH
VIKARAH,KSHUDRAROGAH,,,GANDHANAMA/GANDHAMALA
VIKARAH,KSHUDRAROGAH,,,GARDABIKA
VIKARAH,KSHUDRAROGAH,,,GUDABRAMSAH
VIKARAH,KSHUDRAROGAH,,,CARMAKILAH
VIKARAH,KSHUDRAROGAH,,,VATIKA-CARMAKILAH
VIKARAH,KSHUDRAROGAH,,,PAITTIKA-CARMAKILAH
VIKARAH,KSHUDRAROGAH,,,KAPAJA-CARMAKILAH
VIKARAH,KSHUDRAROGAH,,,CIPYAM/AKSHATA/UPANAKHA
VIKARAH,KSHUDRAROGAH,,,JATUMANIH
VIKARAH,KSHUDRAROGAH,,,JALAGARDABAH
VIKARAH,KSHUDRAROGAH,,,TILAKAH/TILAKALAKA
VIKARAH,KSHUDRAROGAH,,,NYACCAH
VIKARAH,KSHUDRAROGAH,,,NIRUDDHAPRAKASAH
VIKARAH,KSHUDRAROGAH,,,NILIKA
VIKARAH,KSHUDRAROGAH,,,PANASIKA
VIKARAH,KSHUDRAROGAH,,,PRASUPTIH
VIKARAH,KSHUDRAROGAH,,,PADMINIKANTAKAH
VIKARAH,KSHUDRAROGAH,,,PARIVARTIKA
VIKARAH,KSHUDRAROGAH,,,VATAJA-PARIVARTIKA
VIKARAH,KSHUDRAROGAH,,,KAPAJA-PARIVARTIKA
VIKARAH,KSHUDRAROGAH,,,PADADARI
VIKARAH,KSHUDRAROGAH,,,PASHANAGARDABAH
VIKARAH,KSHUDRAROGAH,,,MASHAKAH
VIKARAH,KSHUDRAROGAH,,,YAVAPRAKHYA
VIKARAH,KSHUDRAROGAH,,,YUVANAPIDAKA (MUKHADUSHIKA)
VIKARAH,KSHUDRAROGAH,,,RAJIKA
VIKARAH,KSHUDRAROGAH,,,LANCANAM
VIKARAH,KSHUDRAROGAH,,,RAKASA
VIKARAH,KSHUDRAROGAH,,,RUHYA/ INDRALUPTAH
VIKARAH,KSHUDRAROGAH,,,VARAHADAMSHTRAKAH
VIKARAH,KSHUDRAROGAH,,,VALMIKAH
VIKARAH,KSHUDRAROGAH,,,VYANGAH
VIKARAH,KSHUDRAROGAH,,,VATIKAVYANGAH
VIKARAH,KSHUDRAROGAH,,,PAITTIKA-VYANGAH
VIKARAH,KSHUDRAROGAH,,,KAPAJA-VYANGAH
VIKARAH,KSHUDRAROGAH,,,RAKTAJA-VYANGAH
VIKARAH,KSHUDRAROGAH,,,VIDARIKA
VIKARAH,KSHUDRAROGAH,,,VIVRUTA
VIKARAH,KSHUDRAROGAH,,,VIDDHA
VIKARAH,KSHUDRAROGAH,,,VISPOTAKAH
VIKARAH,KSHUDRAROGAH,,,VATAJA-VISPOTAKAH
VIKARAH,KSHUDRAROGAH,,,PITTAJA-VISPOTAKAH
VIKARAH,KSHUDRAROGAH,,,KAPAJA-VISPOTAKAH
VIKARAH,KSHUDRAROGAH,,,RAKTAJA-VISPOTAKAH
VIKARAH,KSHUDRAROGAH,,,DVANDVAJA/VISPOTAKAH
VIKARAH,KSHUDRAROGAH,,,VATAPITTAJA/VISPOTAH
VIKARAH,KSHUDRAROGAH,,,KAPAVATIKA/VISPOTAH
VIKARAH,KSHUDRAROGAH,,,KAPAPAITTIKA/VISPOTAH
VIKARAH,KSHUDRAROGAH,,,SANNIPATAJA/VISPOTAH
VIKARAH,KSHUDRAROGAH,,,VRUSHANAKACCUH
VIKARAH,KSHUDRAROGAH,,,SARKARARBUDAH
VIKARAH,KSHUDRAROGAH,,,SANNIRUDDHAGUDAH
VIKARAH,KSHUDRAROGAH,,,SYAVAPINDIKA
VIKARAH,KSHUDRAROGAH,,,ALASYAM
VIKARAH,KSHUDRAROGAH,,,UTKLESAH
VIKARAH,KSHUDRAROGAH,,,GLANIH
VIKARAH,VISHAH,,,VATAJAVISHA
VIKARAH,VISHAH,,,PITTAJAVISHA
VIKARAH,VISHAH,,,KAPAJAVISHA
VIKARAH,VISHAH,,,VISHASEVANAJANYA LAKSHANA
VIKARAH,VISHAH,,,NIRVISHAPURUSHAH
VIKARAH,VISHAH,,,ASADHYA-VISHAH
VIKARAH,VISHAH,ANNAPANADI VISHALAKSHANA,,VISHA-ANNAPANAGANDHAH
VIKARAH,VISHAH,ANNAPANADI VISHALAKSHANA,,VISHADUSHTA-ANNABASHPASEVANAM
VIKARAH,VISHAH,ANNAPANADI VISHALAKSHANA,,VISHANNASPARSA/PANIVISHAH
VIKARAH,VISHAH,ANNAPANADI VISHALAKSHANA,,SAVISHA-KUNJARADI VAHANA/YANA
VIKARAH,VISHAH,ANNAPANADI VISHALAKSHANA,,SAVISHA-JALAPANAH
VIKARAH,VISHAH,ANNAPANADI VISHALAKSHANA,,MUKHAGATAVISHA/VAKTRAGATAVISHA
VIKARAH,VISHAH,ANNAPANADI VISHALAKSHANA,,AMASAYAGATA-VISHAH
VIKARAH,VISHAH,ANNAPANADI VISHALAKSHANA,,PAKVASAYAGATAVISHAH
VIKARAH,VISHAH,ANNAPANADI VISHALAKSHANA,,SAVISHA DANTANAKHAKSHATAH
VIKARAH,VISHAH,ANNAPANADI VISHALAKSHANA,,SAVISHA-ABYANGAM
VIKARAH,VISHAH,ANNAPANADI VISHALAKSHANA,,SAVISHA-UTSADANAH
VIKARAH,VISHAH,ANNAPANADI VISHALAKSHANA,,SAVISHA-AVALEKHANAM
VIKARAH,VISHAH,ANNAPANADI VISHALAKSHANA,,SAVISHA-SIROBYANGAM
VIKARAH,VISHAH,ANNAPANADI VISHALAKSHANA,,SAVISHA-SNANAH
VIKARAH,VISHAH,ANNAPANADI VISHALAKSHANA,,SAVISHA-VASTRADHARANAM
VIKARAH,VISHAH,ANNAPANADI VISHALAKSHANA,,SAVISHA-VARNAKAH
VIKARAH,VISHAH,ANNAPANADI VISHALAKSHANA,,SAVISHA-MUKHALEPAH
VIKARAH,VISHAH,ANNAPANADI VISHALAKSHANA,,SAVISHA-KUNJARADI VAHANA/YANA
VIKARAH,VISHAH,ANNAPANADI VISHALAKSHANA,,SAVISHA-NASYA/SAVISHA-DHUPANAM/DHUMAPANAH
VIKARAH,VISHAH,ANNAPANADI VISHALAKSHANA,,SAVISHA-PUSHPAGANDHAH/SAVISHAMALYOPAYOGA
VIKARAH,VISHAH,ANNAPANADI VISHALAKSHANA,,SAVISHA-KARNAPURANAM
VIKARAH,VISHAH,ANNAPANADI VISHALAKSHANA,,SAVISHA-ANJANA
VIKARAH,VISHAH,ANNAPANADI VISHALAKSHANA,,VISHAJUSHTA-PADUKADHARANAM
VIKARAH,VISHAH,ANNAPANADI VISHALAKSHANA,,SAVISHA-CATROPAYOGAH
VIKARAH,VISHAH,ANNAPANADI VISHALAKSHANA,,SAVISHA-BUSHANA DHARANA/ALANKARAH
VIKARAH,VISHAH,ANNAPANADI VISHALAKSHANA,,VISHADIGDHA-VIDDHAH/VISHADIGDHA SASTRA/VISHALIPTASASTRAHATAH
VIKARAH,VISHAH,ANNAPANADI VISHALAKSHANA,,TUNDAHATAH
VIKARAH,VISHAH,ANNAPANADI VISHALAKSHANA,,VYALIDHAH
VIKARAH,VISHAH,ANNAPANADI VISHALAKSHANA,,VYALUPTAH
VIKARAH,VISHAH,ANNAPANADI VISHALAKSHANA,,DASHTAKAH
VIKARAH,VISHAH,ANNAPANADI VISHALAKSHANA,,DASHTANIPIDITAH
VIKARAH,VISHAH,ANNAPANADI VISHALAKSHANA,,SAVISHA-DAMSAH
VIKARAH,VISHAH,ANNAPANADI VISHALAKSHANA,,SAVISHA-ABYAVAHARANAM
VIKARAH,VISHAH,ANNAPANADI VISHALAKSHANA,,VISHADUSHTA-JALA
VIKARAH,VISHAH,ANNAPANADI VISHALAKSHANA,,VISHDUSHITA-JALA-MAJJANA
VIKARAH,VISHAH,ANNAPANADI VISHALAKSHANA,,SAVISHA-BUMISPARSANAM
VIKARAH,VISHAH,ANNAPANADI VISHALAKSHANA,,VISHADUSHTA-ANILASPARSAH
VIKARAH,VISHAH,VISHAVEGAH,,PRATHAMA-VISHAVEGAH
VIKARAH,VISHAH,VISHAVEGAH,,DVITIYA-VISHAVEGAH
VIKARAH,VISHAH,VISHAVEGAH,,TRUTIYA-VISHAVEGAH
VIKARAH,VISHAH,VISHAVEGAH,,CATURTHA-VISHAVEGAH
VIKARAH,VISHAH,VISHAVEGAH,,PANCAMA-VISHAVEGAH
VIKARAH,VISHAH,VISHAVEGAH,,SHASHTHA-VISHAVEGAH
VIKARAH,VISHAH,VISHAVEGAH,,SAPTAMA-VISHAVEGAH
VIKARAH,VISHAH,STHAVARAVISHAH,,MULAVISHAH
VIKARAH,VISHAH,STHAVARAVISHAH,,PATRA-VISHAH
VIKARAH,VISHAH,STHAVARAVISHAH,,PALA-VISHAH
VIKARAH,VISHAH,STHAVARAVISHAH,,PUSHPA-VISHAH
VIKARAH,VISHAH,STHAVARAVISHAH,,TVAKA-VISHAH
VIKARAH,VISHAH,STHAVARAVISHAH,,SARA-VISHAH
VIKARAH,VISHAH,STHAVARAVISHAH,,NIRYASA-VISHAH
VIKARAH,VISHAH,STHAVARAVISHAH,,KSHIRA-VISHAH
VIKARAH,VISHAH,STHAVARAVISHAH,,DHATU-VISHAH
VIKARAH,VISHAH,STHAVARAVISHAH,,KANDA-VISHAH
VIKARAH,VISHAH,STHAVARAVISHAH,,KALAKUTAVISHAH
VIKARAH,VISHAH,STHAVARAVISHAH,,VATSANABAVISHAH
VIKARAH,VISHAH,STHAVARAVISHAH,,SARSHAPAVISHAH
VIKARAH,VISHAH,STHAVARAVISHAH,,PALAKAVISHAH
VIKARAH,VISHAH,STHAVARAVISHAH,,VAIRATAKAVISHAH
VIKARAH,VISHAH,STHAVARAVISHAH,,MUSTAKAVISHAH
VIKARAH,VISHAH,STHAVARAVISHAH,,SRUNGIVISHAH
VIKARAH,VISHAH,STHAVARAVISHAH,,PUNDARIKAVISHAH
VIKARAH,VISHAH,STHAVARAVISHAH,,MULAKAVISHAH
VIKARAH,VISHAH,STHAVARAVISHAH,,HALAHALAVISHAH
VIKARAH,VISHAH,STHAVARAVISHAH,,MAHAVISHA-KANDAVISHAH
VIKARAH,VISHAH,STHAVARAVISHAH,,KARKATAKAVISHAH
VIKARAH,VISHAH,STHAVARAVISHAH,,STHAVARAVISHAVEGA
VIKARAH,VISHAH,STHAVARAVISHAH,,STHAVARA-PRATHAMA-VISHAVEGAH
VIKARAH,VISHAH,STHAVARAVISHAH,,STHAVARA-DVITIYA-VISHAVEGAH
VIKARAH,VISHAH,STHAVARAVISHAH,,STHAVARA-TRUTIYA/VISHAVEGAH
VIKARAH,VISHAH,STHAVARAVISHAH,,STHAVARA-CATURTHA/VISHAVEGAH
VIKARAH,VISHAH,STHAVARAVISHAH,,STHAVARA-PANCAMA-VISHAVEGAH
VIKARAH,VISHAH,STHAVARAVISHAH,,STHAVARA-SHASHTHA-VISHAVEGAH
VIKARAH,VISHAH,STHAVARAVISHAH,,STHAVARA-SAPTAMA-VISHAVEGAH
VIKARAH,VISHAH,DUSHIVISHAH/KRUTRIMAVISHAH,,DUSHIVISHAPURVARUPA
VIKARAH,VISHAH,DUSHIVISHAH/KRUTRIMAVISHAH,,DUSHIVISHA/KITADASHTAH
VIKARAH,VISHAH,DUSHIVISHAH/KRUTRIMAVISHAH,,DUSHIVISHA/LUTADASHTAH
VIKARAH,VISHAH,DUSHIVISHAH/KRUTRIMAVISHAH,,PAKVASAYASTHA-DUSHIVISHAM
VIKARAH,VISHAH,DUSHIVISHAH/KRUTRIMAVISHAH,,DHATUGATA-DUSHIVISHAM
VIKARAH,VISHAH,DUSHIVISHAH/KRUTRIMAVISHAH,,ASADHYA-DUSHIVISHAH
VIKARAH,VISHAH,DUSHIVISHAH/KRUTRIMAVISHAH,,DUSHIVISHOPADRAVAH
VIKARAH,VISHAH,JANGAMAVISHAH,,SARPAVISHAH
VIKARAH,VISHAH,JANGAMAVISHAH,,SARPADASHTAH
VIKARAH,VISHAH,JANGAMAVISHAH,,SARPITA-DASHTAH
VIKARAH,VISHAH,JANGAMAVISHAH,,RADITA/RUDITA-DASHTAH
VIKARAH,VISHAH,JANGAMAVISHAH,,NIRVISHA-DASHTAH
VIKARAH,VISHAH,JANGAMAVISHAH,,DARVIKARA-SARPAVISHAH
VIKARAH,VISHAH,JANGAMAVISHAH,,DARVIKARASARPAVISHAVEGA
VIKARAH,VISHAH,JANGAMAVISHAH,,DARVIKARASARPAVISHA-PRATHAMAVISHAVEGAH
VIKARAH,VISHAH,JANGAMAVISHAH,,DARVIKARASARPAVISHA-DVITIYAVISHAVEGAH
VIKARAH,VISHAH,JANGAMAVISHAH,,DARVIKARASARPAVISHA-TRUTIYAVISHAVEGAH
VIKARAH,VISHAH,JANGAMAVISHAH,,DARVIKARASARPAVISHA-CATURTHAVISHAVEGAH
VIKARAH,VISHAH,JANGAMAVISHAH,,DARVIKARASARPAVISHA-PANCAMAVISHAVEGAH
VIKARAH,VISHAH,JANGAMAVISHAH,,DARVIKARASARPAVISHA-SHASHTHAVISHAVEGAH
VIKARAH,VISHAH,JANGAMAVISHAH,,DARVIKARASARPAVISHA-SAPTAMAVISHAVEGAH
VIKARAH,VISHAH,JANGAMAVISHAH,,ASADHYA-DARVIVISHA
VIKARAH,VISHAH,JANGAMAVISHAH,,MANDALI-SARPAVISHAH
VIKARAH,VISHAH,JANGAMAVISHAH,,MANDALISARPAVISHAVEGA
VIKARAH,VISHAH,JANGAMAVISHAH,,MANDALISARPAVISHA-PRATHAMAVISHAVEGAH
VIKARAH,VISHAH,JANGAMAVISHAH,,MANDALISARPAVISHA-DVITIYAVISHAVEGAH
VIKARAH,VISHAH,JANGAMAVISHAH,,MANDALISARPAVISHA-TRUTIYAVISHAVEGAH
VIKARAH,VISHAH,JANGAMAVISHAH,,MANDALISARPAVISHA-CATURTHAVISHAVEGAH
VIKARAH,VISHAH,JANGAMAVISHAH,,MANDALISARPAVISHA-PANCAMAVISHAVEGAH
VIKARAH,VISHAH,JANGAMAVISHAH,,MANDALISARPAVISHA-SHASHTHAVISHAVEGAH
VIKARAH,VISHAH,JANGAMAVISHAH,,MANDALISARPAVISHA-SAPTAMAVISHAVEGAH
VIKARAH,VISHAH,JANGAMAVISHAH,,RAJIMAT-SARPAVISHAH
VIKARAH,VISHAH,JANGAMAVISHAH,,RAJIMAT-SARPAVISHAVEGA
VIKARAH,VISHAH,JANGAMAVISHAH,,RAJIMAT SARPAVISHA-PRATHAMAVISHAVEGAH
VIKARAH,VISHAH,JANGAMAVISHAH,,RAJIMAT SARPAVISHA-DVITIYA VISHAVEGAH
VIKARAH,VISHAH,JANGAMAVISHAH,,RAJIMAT SARPAVISHA-TRUTIYAVISHAVEGAH
VIKARAH,VISHAH,JANGAMAVISHAH,,RAJIMAT SARPAVISHA-CATURTHAVISHAVEGAH
VIKARAH,VISHAH,JANGAMAVISHAH,,RAJIMAT SARPAVISHA-PANCAMAVISHAVEGAH
VIKARAH,VISHAH,JANGAMAVISHAH,,RAJIMAT SARPAVISHA-SHASHTHAVISHAVEGAH
VIKARAH,VISHAH,JANGAMAVISHAH,,RAJIMAT SARPAVISHA-SAPTAMAVISHAVEGAH
VIKARAH,VISHAH,JANGAMAVISHAH,,PURUSHASARPADASHTAH
VIKARAH,VISHAH,JANGAMAVISHAH,,STRISARPADASHTAH
VIKARAH,VISHAH,JANGAMAVISHAH,,NAPUMSAKASARPADASHTAH
VIKARAH,VISHAH,JANGAMAVISHAH,,GARBINISARPADASHTAH
VIKARAH,VISHAH,JANGAMAVISHAH,,SUTIKASARPADASHTAH
VIKARAH,VISHAH,JANGAMAVISHAH,,GRASARTHISARPADASHTAH
VIKARAH,VISHAH,JANGAMAVISHAH,,VRUDDHASARPADASHTAH
VIKARAH,VISHAH,JANGAMAVISHAH,,BALASARPADASHTAH
VIKARAH,VISHAH,JANGAMAVISHAH,,ANDHAHIKA SARPADASHTAH
VIKARAH,VISHAH,JANGAMAVISHAH,,AJAGARASARPADASHTAH
VIKARAH,VISHAH,JANGAMAVISHAH,,SADYAPRANAHARASARPADASHTAH
VIKARAH,VISHAH,JANGAMAVISHAH,,KRUSHNASARPADAMSAH
VIKARAH,VISHAH,JANGAMAVISHAH,,SANKHAVISHAH
VIKARAH,VISHAH,JANGAMAVISHAH,,ASADHYA-SARPADASHTAH
VIKARAH,VISHAH,JANGAMAVISHAH,,MUSHIKAVISHAH/AKHUVISHA
VIKARAH,VISHAH,JANGAMAVISHAH,,LALANA-MUSHIKADASHTAH
VIKARAH,VISHAH,JANGAMAVISHAH,,PUTRAKA-MUSHIKADASHTAH
VIKARAH,VISHAH,JANGAMAVISHAH,,KRUSHNA-MUSHIKADASHTAH
VIKARAH,VISHAH,JANGAMAVISHAH,,HAMSIRA-MUSHIKADASHTAH
VIKARAH,VISHAH,JANGAMAVISHAH,,CIKVIRA-MUSHIKADASHTAH
VIKARAH,VISHAH,JANGAMAVISHAH,,CUCUNDARA-MUSHIKADASHTAH
VIKARAH,VISHAH,JANGAMAVISHAH,,ALASA-MUSHIKADASHTAH
VIKARAH,VISHAH,JANGAMAVISHAH,,KASHAYADANTA-MUSHIKADASHTAH
VIKARAH,VISHAH,JANGAMAVISHAH,,KULINGAKA-MUSHIKADASHTAH
VIKARAH,VISHAH,JANGAMAVISHAH,,AJITA-MUSHIKADASHTAH
VIKARAH,VISHAH,JANGAMAVISHAH,,CAPALA-MUSHIKADASHTAH
VIKARAH,VISHAH,JANGAMAVISHAH,,KAPILA-MUSHIKADASHTAH
VIKARAH,VISHAH,JANGAMAVISHAH,,KOKILA-MUSHIKADASHTAH
VIKARAH,VISHAH,JANGAMAVISHAH,,ARUNA-MUSHIKADASHTAH
VIKARAH,VISHAH,JANGAMAVISHAH,,MAHAKRUSHNA-MUSHIKADASHTAH/UNDURA-MUSHIKADASHTAH
VIKARAH,VISHAH,JANGAMAVISHAH,,MAHASVETA-MUSHIKADASHTAH
VIKARAH,VISHAH,JANGAMAVISHAH,,MAHAKAPILA-MUSHIKADASHTAH
VIKARAH,VISHAH,JANGAMAVISHAH,,KAPOTA-MUSHIKADASHTAH
VIKARAH,VISHAH,JANGAMAVISHAH,,ASADHYA-MUSHIKAVISHAH
VIKARAH,VISHAH,JANGAMAVISHAH,,SVA/VYALA-SRRUGALA-TARAKSHU-RUKSHA-VYAGHRADI DASHTA LAKSHANA
VIKARAH,VISHAH,JANGAMAVISHAH,,ALARKAVISHAH/JALATRASAH
VIKARAH,VISHAH,JANGAMAVISHAH,,ASADHYA-ALARKAVISHAH
VIKARAH,VISHAH,JANGAMAVISHAH,,ALARKAVISHARISHTAH
VIKARAH,VISHAH,JANGAMAVISHAH,,KITAVISHAH
VIKARAH,VISHAH,JANGAMAVISHAH,,KITAVISHAVEGAH
VIKARAH,VISHAH,JANGAMAVISHAH,,VATANIMITTAJAKITAVISHAH/VATAJAKITAVISHA
VIKARAH,VISHAH,JANGAMAVISHAH,,PITTANIMITTAJA-KITAVISHAH/AGNEYA-KITAVISHAH
VIKARAH,VISHAH,JANGAMAVISHAH,,KAPANIMITTAJA/KITAVISHAH
VIKARAH,VISHAH,JANGAMAVISHAH,,SANNIPATIKA/KITAVISHAH
VIKARAH,VISHAH,JANGAMAVISHAH,,TIKSHNA-KITAVISHAH
VIKARAH,VISHAH,JANGAMAVISHAH,,MANDA-KITAVISHAH
VIKARAH,VISHAH,JANGAMAVISHAH,,GARAVISHAH
VIKARAH,VISHAH,JANGAMAVISHAH,,KANABA-DASHTAH
VIKARAH,VISHAH,JANGAMAVISHAH,,GODHERAKA-DASHTAH
VIKARAH,VISHAH,JANGAMAVISHAH,,GALAGOLIKADASHTAH
VIKARAH,VISHAH,JANGAMAVISHAH,,SARSHAPIKA/GALAGOLIKADASHTAH
VIKARAH,VISHAH,JANGAMAVISHAH,,SATAPADI/DASHTAH
VIKARAH,VISHAH,JANGAMAVISHAH,,MANDUKADASHTAH
VIKARAH,VISHAH,JANGAMAVISHAH,,VISHVAMBARA-DASHTAH
VIKARAH,VISHAH,JANGAMAVISHAH,,AHINDUKA-DASHTAH
VIKARAH,VISHAH,JANGAMAVISHAH,,KANDUMAKA-DASHTAH
VIKARAH,VISHAH,JANGAMAVISHAH,,SUKAVRUNTA-DASHTAH
VIKARAH,VISHAH,JANGAMAVISHAH,,PIPILIKA-DASHTAH
VIKARAH,VISHAH,JANGAMAVISHAH,,MAKSHIKA-DASHTAH
VIKARAH,VISHAH,JANGAMAVISHAH,,MASAKA-DASHTAH
VIKARAH,VISHAH,JANGAMAVISHAH,,NAKHAVAKRUSHTA VISHAH/NAKHA-DANTAVISHA
VIKARAH,VISHAH,JANGAMAVISHAH,,SAVISHA-SAVA SPARSANAM
VIKARAH,VISHAH,JANGAMAVISHAH,,SAVISHA-MUTRASPARSANAM
VIKARAH,VISHAH,JANGAMAVISHAH,,SAVISHA-PURISHASPARSANAM
VIKARAH,VISHAH,JANGAMAVISHAH,,SUBADHAKA KITADASHTA
VIKARAH,VISHAH,JANGAMAVISHAH,,KARNAPRAVISHTA-KITAVISHAH
VIKARAH,VISHAH,JANGAMAVISHAH,,GRUHAGODHIKADASHTAH
VIKARAH,VISHAH,JANGAMAVISHAH,,KRUKALASADASHTAH
VIKARAH,VISHAH,JANGAMAVISHAH,,UCCITINGADASHTAH
VIKARAH,VISHAH,JANGAMAVISHAH,,SAVISHA-JALAUKADASHTAH
VIKARAH,VISHAH,JANGAMAVISHAH,,SAVISHA-MATSYADASHTAH
VIKARAH,VISHAH,JANGAMAVISHAH,,SAVISHA-PRANIDASHTAH
VIKARAH,VISHAH,JANGAMAVISHAH,,CATUSHPADA-DASHTAH
VIKARAH,VISHAH,JANGAMAVISHAH,,VRUSCIKAVISHAH
VIKARAH,VISHAH,JANGAMAVISHAH,,MANDAVISHA-VRUSCIKADASHTAH
VIKARAH,VISHAH,JANGAMAVISHAH,,MADHYAVISHA-VRUSCIKADASHTAH
VIKARAH,VISHAH,JANGAMAVISHAH,,TIKSHNA/MAHAVISHA-VRUSCIKADASHTAH
VIKARAH,VISHAH,JANGAMAVISHAH,,ASADHYAVRUSCIKAVISHAH
VIKARAH,VISHAH,JANGAMAVISHAH,,LUTAVISHAH
VIKARAH,VISHAH,JANGAMAVISHAH,,VATIKA-LUTAVISHAH
VIKARAH,VISHAH,JANGAMAVISHAH,,PAITTIKA-LUTAVISHAH
VIKARAH,VISHAH,JANGAMAVISHAH,,SLAISHMIKA-LUTAVISHAH
VIKARAH,VISHAH,JANGAMAVISHAH,,TRIMANDALA-LUTAVISHAH
VIKARAH,VISHAH,JANGAMAVISHAH,,SVETA-LUTAVISHAH
VIKARAH,VISHAH,JANGAMAVISHAH,,KAPILA-LUTAVISHAH
VIKARAH,VISHAH,JANGAMAVISHAH,,PITIKA-LUTAVISHAH
VIKARAH,VISHAH,JANGAMAVISHAH,,ALA-LUTAVISHAH
VIKARAH,VISHAH,JANGAMAVISHAH,,MUTRA-LUTAVISHAH
VIKARAH,VISHAH,JANGAMAVISHAH,,RAKTA-LUTAVISHA
VIKARAH,VISHAH,JANGAMAVISHAH,,KASANA-LUTAVISHAH
VIKARAH,VISHAH,JANGAMAVISHAH,,SAUVARNIKA-LUTAVISHAH
VIKARAH,VISHAH,JANGAMAVISHAH,,LAJAVARNA-LUTAVISHAH
VIKARAH,VISHAH,JANGAMAVISHAH,,JALINI-LUTAVISHAH
VIKARAH,VISHAH,JANGAMAVISHAH,,ENIPADA-LUTAVISHAH
VIKARAH,VISHAH,JANGAMAVISHAH,,KRUSHNA-LUTAVISHAH
VIKARAH,VISHAH,JANGAMAVISHAH,,AGNIVAKTRA-LUTAVISHAH
VIKARAH,VISHAH,JANGAMAVISHAH,,KAKANDIKA-LUTAVISHAH
VIKARAH,VISHAH,JANGAMAVISHAH,,MALAGUNA-LUTAVISHAH
VIKARAH,VISHAH,JANGAMAVISHAH,,LUTAVISHA-ADHISHTHANAJANYAROGAH
VIKARAH,VISHAH,JANGAMAVISHAH,,LALA-LUTAVISHAH
VIKARAH,VISHAH,JANGAMAVISHAH,,NAKHAGRADAMSA-LUTAVISHAH
VIKARAH,VISHAH,JANGAMAVISHAH,,DAMSHTRA-LUTAVISHAH
VIKARAH,VISHAH,JANGAMAVISHAH,,RAJO-LUTAVISHAH
VIKARAH,VISHAH,JANGAMAVISHAH,,PURISHA-LUTAVISHAH
VIKARAH,VISHAH,JANGAMAVISHAH,,SUKRA-LUTAVISHAH
VIKARAH,VISHAH,JANGAMAVISHAH,,AGNEYA-LUTAVISHAH
VIKARAH,VISHAH,JANGAMAVISHAH,,PRANAHARA-LUTAVISHAH
VIKARAH,VISHAH,JANGAMAVISHAH,,ASADHYA-LUTAVISHAH
VIKARAH,VISHAH,JANGAMAVISHAH,,KRUCCRASADHYA-LUTAVISHAH
VIKARAH,VISHAH,JANGAMAVISHAH,,LUTAVISHA-DINARDHA-AVASTHAVISESHAH
VIKARAH,VISHAH,JANGAMAVISHAH,,LUTAVISHA-PRATHAMADINA-AVASTHAVISESHAH
VIKARAH,VISHAH,JANGAMAVISHAH,,LUTAVISHA-DVITIYADINA-AVASTHAVISESHAH
VIKARAH,VISHAH,JANGAMAVISHAH,,LUTAVISHA-TRUTIYADINA-AVASTHAVISESHAH
VIKARAH,VISHAH,JANGAMAVISHAH,,LUTAVISHA-CATURTHADINA-AVASTHAVISESHAH
VIKARAH,VISHAH,JANGAMAVISHAH,,LUTAVISHA-PANCAMADINA-AVASTHAVISESHAH
VIKARAH,VISHAH,JANGAMAVISHAH,,LUTAVISHA-SHASHTHADINA-AVASTHAVISESHAH
VIKARAH,VISHAH,JANGAMAVISHAH,,LUTAVISHA-SAPTAMADINA-AVASTHAVISESHAH
VIKARAH,AHARAVAISHAMYAM,,,HINAMATRAHARAH
VIKARAH,AHARAVAISHAMYAM,,,ATIMATRAHARAH/AHARATIYOGAH
VIKARAH,AHARAVAISHAMYAM,,,VIRUDDHANNABOJANAM/VIRUDDHAHARAH
VIKARAH,AHARAVAISHAMYAM,,,JANGALAMAMSATYUPAYOGAH
VIKARAH,AHARAVAISHAMYAM,,,EKASEPAKSHIRAPANAM
VIKARAH,AHARAVAISHAMYAM,,,USHNAVIRYA-DRAVYATIYOGAH/AGNEYA-DRAVYATIYOGAH
VIKARAH,AHARAVAISHAMYAM,,,NAVAGUDA-ATYUPAYOGAH
VIKARAH,AHARAVAISHAMYAM,,,SALIDHANYA-ATIYOGAH
VIKARAH,AHARAVAISHAMYAM,,,TAILASEVANA-ATIYOGAH
VIKARAH,AHARAVAISHAMYAM,,,MADYAPANATIYOGAH
VIKARAH,AHARAVAISHAMYAM,,,DADHI-MITHYOPAYOGAH
VIKARAH,AHARAVAISHAMYAM,,,RASATIYOGAH
VIKARAH,AHARAVAISHAMYAM,,,MADHURARASATIYOGAH
VIKARAH,AHARAVAISHAMYAM,,,AMLARASATIYOGAH
VIKARAH,AHARAVAISHAMYAM,,,LAVANARASATIYOGAH
VIKARAH,AHARAVAISHAMYAM,,,KATURASATIYOGAH
VIKARAH,AHARAVAISHAMYAM,,,TIKTARASATIYOGAH
VIKARAH,AHARAVAISHAMYAM,,,KASHAYARASATIYOGAH
VIKARAH,VIHARAVAISHAMYAM,NIDRA-VAISHAMYAM,,NIDRANASAH/ASVAPNAH
VIKARAH,VIHARAVAISHAMYAM,NIDRA-VAISHAMYAM,,AKALASAYANAM
VIKARAH,VIHARAVAISHAMYAM,NIDRA-VAISHAMYAM,,DIVASVAPNAH
VIKARAH,VIHARAVAISHAMYAM,NIDRA-VAISHAMYAM,,DIVASVAPNA-UPADRAVAH
VIKARAH,VIHARAVAISHAMYAM,RUTUCARYA-VAISHAMYAM,,RUTU-APACARAH
VIKARAH,VIHARAVAISHAMYAM,SNANA-VAISHAMYAM,,USHNAJALA-SIRAHSNANAH
VIKARAH,VIHARAVAISHAMYAM,VEGAVARODHAH,,ADHOVATA-VEGAVARODHAH
VIKARAH,VIHARAVAISHAMYAM,VEGAVARODHAH,,ASRUVEGARODHAH/BASHPAVEGARODHAH
VIKARAH,VIHARAVAISHAMYAM,VEGAVARODHAH,,CARDIVEGARODHAH
VIKARAH,VIHARAVAISHAMYAM,VEGAVARODHAH,,HIKKAVEGARODHAH
VIKARAH,VIHARAVAISHAMYAM,VEGAVARODHAH,,JRUMBA-VEGAVARODHAH
VIKARAH,VIHARAVAISHAMYAM,VEGAVARODHAH,,KSHAVATHUVEGARODHAH
VIKARAH,VIHARAVAISHAMYAM,VEGAVARODHAH,,MUTRA-VEGARODHAH/MUTRAGRAHA
VIKARAH,VIHARAVAISHAMYAM,VEGAVARODHAH,,NIDRAVEGARODHAH
VIKARAH,VIHARAVAISHAMYAM,VEGAVARODHAH,,PURISHAVEGARODHAH/PURISHA-GRAHAH
VIKARAH,VIHARAVAISHAMYAM,VEGAVARODHAH,,SRAMASVASA-VEGAVARODHAH
VIKARAH,VIHARAVAISHAMYAM,VEGAVARODHAH,,SUKRAVEGARODHAH
VIKARAH,VIHARAVAISHAMYAM,VEGAVARODHAH,,TRUSHNAVEGARODHAH
VIKARAH,VIHARAVAISHAMYAM,VEGAVARODHAH,,UDGARAGRAHAH
VIKARAH,VIHARAVAISHAMYAM,VEGAVARODHAH,,KSHUD-VEGARODHAH
VIKARAH,VIHARAVAISHAMYAM,VYAVAYA-VAISHAMYAM/MAITHUNAPACARAH,,VYAVAYAMITHYAYOGAH/MITHYAVYAVAYA
VIKARAH,VIHARAVAISHAMYAM,VYAVAYA-VAISHAMYAM/MAITHUNAPACARAH,,VYAVAYATIYOGAH
VIKARAH,VIHARAVAISHAMYAM,VYAYAMA-VAISHAMYAM,,ATIVYAYAMAH/VYAYAMATIYOGAH
VIKARAH,VIHARAVAISHAMYAM,VYAYAMA-VAISHAMYAM,,AVYAYAMAH
VIKARAH,CIKITSAPACARAH,SNEHANA-APACARAH,,SNEHANA-AYOGAH
VIKARAH,CIKITSAPACARAH,SNEHANA-APACARAH,,SNEHANA-ATIYOGAH
VIKARAH,CIKITSAPACARAH,SNEHANA-APACARAH,,SNEHANA-MITHYAYOGAH/MITHYASNEHANAM/SNEHANA-VYAPADAH/SNEHAVIBRAMAH
VIKARAH,CIKITSAPACARAH,SVEDANA-APACARAH,,SVEDANA-AYOGAH
VIKARAH,CIKITSAPACARAH,SVEDANA-APACARAH,,SVEDANA-ATIYOGAH
VIKARAH,CIKITSAPACARAH,RUKSHANA-APACARAH,,RUKSHANA-ATIYOGAH
VIKARAH,CIKITSAPACARAH,STAMBANA-APACARAH,,STAMBANA-ATIYOGAH
VIKARAH,CIKITSAPACARAH,STAMBANA-APACARAH,,AMATISARASANGRAHAH
VIKARAH,CIKITSAPACARAH,STAMBANA-APACARAH,,ASUDDHARAKTASTAMBANAM
VIKARAH,CIKITSAPACARAH,STAMBANA-APACARAH,,AKSHINABALAMAMSASYA RAKTAPITTA-STAMBANAM
VIKARAH,CIKITSAPACARAH,LANGHANA-APACARAH,,LANGHANA ATIYOGA LAKSHANAM
VIKARAH,CIKITSAPACARAH,BRUMHANA-APACARAH,,BRUMHANA-ATIYOGAH
VIKARAH,CIKITSAPACARAH,VAMANA-APACARAH,,VAMANA-AYOGAH
VIKARAH,CIKITSAPACARAH,VAMANA-APACARAH,,VAMANA-ATIYOGAH
VIKARAH,CIKITSAPACARAH,VAMANA-APACARAH,,VAMANA-MITHYAYOGAH/AVAMYANAM VAMANAVYAPADAH
VIKARAH,CIKITSAPACARAH,VAMANA-APACARAH,,KSHATASYA VAMANAVYAPADAH
VIKARAH,CIKITSAPACARAH,VAMANA-APACARAH,,KSHINATISTHULAKRUSABALAVRUDDHADURBALANAMAUSHADHABALASAHATVAT
VIKARAH,CIKITSAPACARAH,VAMANA-APACARAH,,SRAMARTAMATTAMURCCITANAM NASYAVYAPADAH
VIKARAH,CIKITSAPACARAH,VAMANA-APACARAH,,KARMABARADHVAHTOPAVASAMAITHUNADHYAYANAVYAYAMACINTAPRASAKTA V
VIKARAH,CIKITSAPACARAH,VAMANA-APACARAH,,GARBINYA VAMANAVYAPADAH
VIKARAH,CIKITSAPACARAH,VAMANA-APACARAH,,SUKUMARASYA VAMANAVYAPADAH
VIKARAH,CIKITSAPACARAH,VAMANA-APACARAH,,SAMVRUTAKOSHTHASYA VAMANAVYAPADAH
VIKARAH,CIKITSAPACARAH,VAMANA-APACARAH,,URDHVAGARAKTAPITTA VAMANASYA VYAPADAH
VIKARAH,CIKITSAPACARAH,VAMANA-APACARAH,,PRASAKTACCARDE VAMANAVYAPADAH
VIKARAH,CIKITSAPACARAH,VAMANA-APACARAH,,URDHVAVATASTHAPITANUVASITANAM VAMANAVYAPADAH
VIKARAH,CIKITSAPACARAH,VAMANA-APACARAH,,HRUDROGINA VAMANAVYAPADAH
VIKARAH,CIKITSAPACARAH,VAMANA-APACARAH,,UDAVARTA VAMANASYA VYAPADAH
VIKARAH,CIKITSAPACARAH,VAMANA-APACARAH,,MUTRAGHATAPLIHAGULMODARASHTHILASVAROPAGHATARTANAM VAMANAVYAPADAH
VIKARAH,CIKITSAPACARAH,VAMANA-APACARAH,,TIMIRA VAMANASYA VYAPADAH
VIKARAH,CIKITSAPACARAH,VAMANA-APACARAH,,SIRAHSANKHAKARNAKSHISULARTANAM VAMANAVYAPADAH
VIKARAH,CIKITSAPACARAH,VAMANA-APACARAH,,VAMANA-VYAPADAH
VIKARAH,CIKITSAPACARAH,VAMANA-APACARAH,,ADHMANAM-VAMANAVYAPAD
VIKARAH,CIKITSAPACARAH,VAMANA-APACARAH,,PARIKARTIKA-VAMANAVYAPAD
VIKARAH,CIKITSAPACARAH,VAMANA-APACARAH,,PARISRAVAH-VAMANAVYAPAD
VIKARAH,CIKITSAPACARAH,VAMANA-APACARAH,,HRUDAYOPASARANAM/HRUDAGRAHA VIRECANAVYAPAD
VIKARAH,CIKITSAPACARAH,VAMANA-APACARAH,,GATRAGRAHA VAMANA VYAPADA
VIKARAH,CIKITSAPACARAH,VAMANA-APACARAH,,JIVADANAM VAMANAVYAPAD
VIKARAH,CIKITSAPACARAH,VAMANA-APACARAH,,VIBRAMSA: VAMANAVYAPAD
VIKARAH,CIKITSAPACARAH,VAMANA-APACARAH,,STAMBAH VAMANA VYAPADA
VIKARAH,CIKITSAPACARAH,VAMANA-APACARAH,,UPADRAVAH VAMANA VYAPADA
VIKARAH,CIKITSAPACARAH,VAMANA-APACARAH,,KLAMAH VAMANA VYAPAD
VIKARAH,CIKITSAPACARAH,VAMANA-APACARAH,,VATASULAVYAPAT
VIKARAH,CIKITSAPACARAH,VAMANA-APACARAH,,PRAVRUTTAVAMANAM/DATTAVAMANAM
VIKARAH,CIKITSAPACARAH,VIRECANAKARMA-CIKITSAPACARAH,,VIRECANATIYOGA
VIKARAH,CIKITSAPACARAH,VIRECANAKARMA-CIKITSAPACARAH,,VIRECANAYOGA
VIKARAH,CIKITSAPACARAH,VIRECANAKARMA-CIKITSAPACARAH,,MITHYAVIRECANAM/VIRECANAMITHYAYOGAH/AVIRECYANAM VIRECANAVYAPADAH
VIKARAH,CIKITSAPACARAH,VIRECANAKARMA-CIKITSAPACARAH,,SUBAGA VIRECANASYA-VYAPADAH
VIKARAH,CIKITSAPACARAH,VIRECANAKARMA-CIKITSAPACARAH,,SUKUMARASYA VIRECANAVYAPADAH
VIKARAH,CIKITSAPACARAH,VIRECANAKARMA-CIKITSAPACARAH,,KSHATAGUDASYA VIRECANASYA-VYAPADAH
VIKARAH,CIKITSAPACARAH,VIRECANAKARMA-CIKITSAPACARAH,,MUKTANALA VIRECANASYA-VYAPADAH
VIKARAH,CIKITSAPACARAH,VIRECANAKARMA-CIKITSAPACARAH,,ADHOBAGARAKTAPITTINA VIRECANAVYAPAD
VIKARAH,CIKITSAPACARAH,VIRECANAKARMA-CIKITSAPACARAH,,VILANGHITADURBALENDRIYALPAGNINIRUDHANAM VIRECANAVYAPADAH
VIKARAH,CIKITSAPACARAH,VIRECANAKARMA-CIKITSAPACARAH,,KAMADIVYAGRAMANASO VIRECANASYA-VYAPADAH
VIKARAH,CIKITSAPACARAH,VIRECANAKARMA-CIKITSAPACARAH,,AJIRNINA VIRECANAVYAPADAH
VIKARAH,CIKITSAPACARAH,VIRECANAKARMA-CIKITSAPACARAH,,NAVAJVARI VIRECANASYA-VYAPADAH
VIKARAH,CIKITSAPACARAH,VIRECANAKARMA-CIKITSAPACARAH,,MADATYAYITA VIRECANASYA-VYAPADAH
VIKARAH,CIKITSAPACARAH,VIRECANAKARMA-CIKITSAPACARAH,,ADHMATASYA VIRECANAVYAPADAH
VIKARAH,CIKITSAPACARAH,VIRECANAKARMA-CIKITSAPACARAH,,SALYARDITASYA VIRECANAVYAPADAH
VIKARAH,CIKITSAPACARAH,VIRECANAKARMA-CIKITSAPACARAH,,ABIGHATINA VIRECANAVYAPADAH
VIKARAH,CIKITSAPACARAH,VIRECANAKARMA-CIKITSAPACARAH,,ATISNIGDHA VIRECANASYA-VYAPAD
VIKARAH,CIKITSAPACARAH,VIRECANAKARMA-CIKITSAPACARAH,,ATIRUKSHASYA VIRECANAVYAPAD
VIKARAH,CIKITSAPACARAH,VIRECANAKARMA-CIKITSAPACARAH,,DARUNAKOSHTHASYA VIRECANAVYAPADAH
VIKARAH,CIKITSAPACARAH,VIRECANAKARMA-CIKITSAPACARAH,,VIRECANA/VYAPADAH
VIKARAH,CIKITSAPACARAH,VIRECANAKARMA-CIKITSAPACARAH,,ADHMANAM-VIRECANAVYAPAD
VIKARAH,CIKITSAPACARAH,VIRECANAKARMA-CIKITSAPACARAH,,PARIKARTIKA-VIRECANAVYAPAD
VIKARAH,CIKITSAPACARAH,VIRECANAKARMA-CIKITSAPACARAH,,PARISRAVAH VIRECANAVYAPAD
VIKARAH,CIKITSAPACARAH,VIRECANAKARMA-CIKITSAPACARAH,,HRUDAYOPASARANAM/HRUDAGRAHA VIRECANAVYAPAD
VIKARAH,CIKITSAPACARAH,VIRECANAKARMA-CIKITSAPACARAH,,GATRAGRAHA VIRECANA VYAPADA
VIKARAH,CIKITSAPACARAH,VIRECANAKARMA-CIKITSAPACARAH,,JIVADANAM VIRECANAVYAPAD
VIKARAH,CIKITSAPACARAH,VIRECANAKARMA-CIKITSAPACARAH,,VIBRAMSA: VIRECANAVYAPAD
VIKARAH,CIKITSAPACARAH,VIRECANAKARMA-CIKITSAPACARAH,,STAMBAH VIRECANA VYAPADA
VIKARAH,CIKITSAPACARAH,VIRECANAKARMA-CIKITSAPACARAH,,UPADRAVAH VIRECANA VYAPADA
VIKARAH,CIKITSAPACARAH,VIRECANAKARMA-CIKITSAPACARAH,,KLAMAH VIRECANA VYAPAD
VIKARAH,CIKITSAPACARAH,VIRECANAKARMA-CIKITSAPACARAH,,VIBANDHAVYAPAT
VIKARAH,CIKITSAPACARAH,VIRECANAKARMA-CIKITSAPACARAH,,SAVASESHAUSHADHA-VYAPAD
VIKARAH,CIKITSAPACARAH,BASTIKARMA-CIKITSAPACARAH,,BASTIVYAPADAH
VIKARAH,CIKITSAPACARAH,BASTIKARMA-CIKITSAPACARAH,,AYOGA BASTI VYAPAD
VIKARAH,CIKITSAPACARAH,BASTIKARMA-CIKITSAPACARAH,,ATIYOGA-BASTIVYAPAD
VIKARAH,CIKITSAPACARAH,BASTIKARMA-CIKITSAPACARAH,,KLAMA-BASTIVYAPAD
VIKARAH,CIKITSAPACARAH,BASTIKARMA-CIKITSAPACARAH,,ADHMANA-BASTIVYAPAD
VIKARAH,CIKITSAPACARAH,BASTIKARMA-CIKITSAPACARAH,,HIKKA-BASTIVYAPAD
VIKARAH,CIKITSAPACARAH,BASTIKARMA-CIKITSAPACARAH,,HRUTPRAPTI-BASTIVYAPAD
VIKARAH,CIKITSAPACARAH,BASTIKARMA-CIKITSAPACARAH,,URDHVATA BASTI VYAPAD
VIKARAH,CIKITSAPACARAH,BASTIKARMA-CIKITSAPACARAH,,PRAVAHIKA BASTI VYAPAD
VIKARAH,CIKITSAPACARAH,BASTIKARMA-CIKITSAPACARAH,,SIRO ARTI BASTI VYAPAD
VIKARAH,CIKITSAPACARAH,BASTIKARMA-CIKITSAPACARAH,,ANGARTI-BASTIVYAPAD
VIKARAH,CIKITSAPACARAH,BASTIKARMA-CIKITSAPACARAH,,PARIKARTIKA BASTI VYAPAD
VIKARAH,CIKITSAPACARAH,BASTIKARMA-CIKITSAPACARAH,,PARISRAVA-BASTIVYAPAD
VIKARAH,CIKITSAPACARAH,BASTIKARMA-CIKITSAPACARAH,,ASTHAPANA/NIRUHA BASTI KARMA CIKITSAPACARA
VIKARAH,CIKITSAPACARAH,BASTIKARMA-CIKITSAPACARAH,,NIRUHA-ATIYOGAH
VIKARAH,CIKITSAPACARAH,BASTIKARMA-CIKITSAPACARAH,,NIRUHABASTI-AYOGAH
VIKARAH,CIKITSAPACARAH,BASTIKARMA-CIKITSAPACARAH,,NIRUHA-MITHYAYOGA/ASTHAPANASYA VYAPADAH
VIKARAH,CIKITSAPACARAH,BASTIKARMA-CIKITSAPACARAH,,AJIRNA-ATISNIGDHA-PITASNEHANAM ASTHAPANAVYAPADAH
VIKARAH,CIKITSAPACARAH,BASTIKARMA-CIKITSAPACARAH,,"UTKLISHTADOSHA, MANDAGNERA ASTHAPANASYA VYAPADAH"
VIKARAH,CIKITSAPACARAH,BASTIKARMA-CIKITSAPACARAH,,YANAKLANTASYA ASTHAPANASYA VYAPADAH
VIKARAH,CIKITSAPACARAH,BASTIKARMA-CIKITSAPACARAH,,ATIDURBALA-KSHUTARTA-TRUSHNARTA-SRAMARTANAM ASTHAPANAVYAPADAH
VIKARAH,CIKITSAPACARAH,BASTIKARMA-CIKITSAPACARAH,,ATIKRUSASYA ASTHAPANAVYAPADAH
VIKARAH,CIKITSAPACARAH,BASTIKARMA-CIKITSAPACARAH,,"BUKTABAKTA,PITODAKASYA ASTHAPANASYA VYAPADAH"
VIKARAH,CIKITSAPACARAH,BASTIKARMA-CIKITSAPACARAH,,VAMITAVIRIKTAYO ASTHAPANAVYAPADAH
VIKARAH,CIKITSAPACARAH,BASTIKARMA-CIKITSAPACARAH,,KRUTANASTA:KARMANA
VIKARAH,CIKITSAPACARAH,BASTIKARMA-CIKITSAPACARAH,,KRUDDHABITAYO ASTHAPANAVYAPADAH
VIKARAH,CIKITSAPACARAH,BASTIKARMA-CIKITSAPACARAH,,MATTA MURCCITAYORA ASTHAPANASYA VYAPADAH
VIKARAH,CIKITSAPACARAH,BASTIKARMA-CIKITSAPACARAH,,PRASAKTA CCARDIRNISHTHIVIKA SVASA KASAHIKKARTANAM ASTHAPANAS
VIKARAH,CIKITSAPACARAH,BASTIKARMA-CIKITSAPACARAH,,BADDHACCIDRODAKODARADHMANARTANAM ASTHAPANAVYAPADAH
VIKARAH,CIKITSAPACARAH,BASTIKARMA-CIKITSAPACARAH,,ALASAKAVISUCIKAMAPRAJATAMATISARINAM ASTHAPANAVYAPADAH
VIKARAH,CIKITSAPACARAH,BASTIKARMA-CIKITSAPACARAH,,MADHUMEHAKUSHTHINO ASTHAPANAVYAPADAH
VIKARAH,CIKITSAPACARAH,BASTIKARMA-CIKITSAPACARAH,,ANUVASANA/SNEHA BASTIKARMA CIKITSAPACARAH
VIKARAH,CIKITSAPACARAH,BASTIKARMA-CIKITSAPACARAH,,ANUVASANATIYOGAH/SNEHABASTI-ATIYOGAH
VIKARAH,CIKITSAPACARAH,BASTIKARMA-CIKITSAPACARAH,,ANUVASANAVASTYAYOGAH/SNEHABASTI-AYOGAH
VIKARAH,CIKITSAPACARAH,BASTIKARMA-CIKITSAPACARAH,,ANUVASANA-MITHYAYOGAH
VIKARAH,CIKITSAPACARAH,BASTIKARMA-CIKITSAPACARAH,,ABUKTABAKTASYA ANUVASANAVYAPADAH
VIKARAH,CIKITSAPACARAH,BASTIKARMA-CIKITSAPACARAH,,NAVAJVARA PANDUROGA KAMALA PRAMEHINAM ANUVASANASYA VYAPADAH
VIKARAH,CIKITSAPACARAH,BASTIKARMA-CIKITSAPACARAH,,ARSASASYA ANUVASANAVYAPADAH
VIKARAH,CIKITSAPACARAH,BASTIKARMA-CIKITSAPACARAH,,AROCAKARTASYA ANUVASANASYA VYAPADAH
VIKARAH,CIKITSAPACARAH,BASTIKARMA-CIKITSAPACARAH,,MANDAGNI-DURBALAYOH ANUVASANAVYAPADAH
VIKARAH,CIKITSAPACARAH,BASTIKARMA-CIKITSAPACARAH,,PRATISYAYAPLIHADIMATAM ANUVASANAVYAPADAH
VIKARAH,CIKITSAPACARAH,BASTIKARMA-CIKITSAPACARAH,,SNEHABASTIVYAPADAH
VIKARAH,CIKITSAPACARAH,BASTIKARMA-CIKITSAPACARAH,,VATAVRUTASNEHA-SNEHABASTIVYAPAD
VIKARAH,CIKITSAPACARAH,BASTIKARMA-CIKITSAPACARAH,,PITTAVRUTASNEHA-SNEHABASTIVYAPAD
VIKARAH,CIKITSAPACARAH,BASTIKARMA-CIKITSAPACARAH,,SLESHMAVRUTASNEHA-SNEHABASTIVYAPAD
VIKARAH,CIKITSAPACARAH,BASTIKARMA-CIKITSAPACARAH,,ASANAVRUTASNEHA-SNEHABASTIVYAPAD
VIKARAH,CIKITSAPACARAH,BASTIKARMA-CIKITSAPACARAH,,VIDAVRUTASNEHA-SNEHABASTIVYAPAD
VIKARAH,CIKITSAPACARAH,BASTIKARMA-CIKITSAPACARAH,,ABUKTAPRANITA-SNEHABASTIVYAPAD
VIKARAH,CIKITSAPACARAH,BASTIKARMA-CIKITSAPACARAH,,YAPANABASTI-ATIYOGAH
VIKARAH,CIKITSAPACARAH,RAKTAMOKSHANA-APACARAH,,RAKTAMOKSHANA-AYOGAH
VIKARAH,CIKITSAPACARAH,RAKTAMOKSHANA-APACARAH,,RAKTAMOKSHANA-ATIYOGAH
VIKARAH,CIKITSAPACARAH,RAKTAMOKSHANA-APACARAH,,RAKTAMOKSHAMITHYAYOGA
VIKARAH,CIKITSAPACARAH,RAKTAMOKSHANA-APACARAH,,DUSHTARAKTASTAMBANAM
VIKARAH,CIKITSAPACARAH,NASYAKARMA-CIKITSAPACARAH,,NASYA-ATIYOGAH
VIKARAH,CIKITSAPACARAH,NASYAKARMA-CIKITSAPACARAH,,NASYA-AYOGAH
VIKARAH,CIKITSAPACARAH,NASYAKARMA-CIKITSAPACARAH,,NASYA-MITHYAYOGAH/SIROVIRECANAMITHYAYOGAH/NASYAVYAPADAH
VIKARAH,CIKITSAPACARAH,NASYAKARMA-CIKITSAPACARAH,,AJIRNI-BUKTABAKTAYORNASYAVYAPADAH
VIKARAH,CIKITSAPACARAH,NASYAKARMA-CIKITSAPACARAH,,PITASNEHAMADYATOYAPATUKAMANAM NASYAVYAPADAH
VIKARAH,CIKITSAPACARAH,NASYAKARMA-CIKITSAPACARAH,,SNATASIRASAH NASYAVYAPADAH
VIKARAH,CIKITSAPACARAH,NASYAKARMA-CIKITSAPACARAH,,KSHUDHARTASYA NASYAVYAPADAH
VIKARAH,CIKITSAPACARAH,NASYAKARMA-CIKITSAPACARAH,,TRUSHNARTASYA NASYAVYAPADAH
VIKARAH,CIKITSAPACARAH,NASYAKARMA-CIKITSAPACARAH,,SRANTAPIPASITAKSHUDHITANAM VAMANAVYAPADAH
VIKARAH,CIKITSAPACARAH,NASYAKARMA-CIKITSAPACARAH,,SASTRADANDAHATAYO NASYAVYAPADAH
VIKARAH,CIKITSAPACARAH,NASYAKARMA-CIKITSAPACARAH,,VYAVAYAVYAYAMAPANAKLANTANAM NASYAVYAPADAH
VIKARAH,CIKITSAPACARAH,NASYAKARMA-CIKITSAPACARAH,,NAVAJVARASOKABITAPTAYO NASYAVYAPADAH
VIKARAH,CIKITSAPACARAH,NASYAKARMA-CIKITSAPACARAH,,VIRIKTASYA NASYAVYAPADAH
VIKARAH,CIKITSAPACARAH,NASYAKARMA-CIKITSAPACARAH,,ANUVASITASYA NASYAVYAPADAH
VIKARAH,CIKITSAPACARAH,NASYAKARMA-CIKITSAPACARAH,,GARBINYA NASYAVYAPADAH
VIKARAH,CIKITSAPACARAH,NASYAKARMA-CIKITSAPACARAH,,NAVAPRATISYAYARTASYA NASYAVYAPADAH
VIKARAH,CIKITSAPACARAH,NASYAKARMA-CIKITSAPACARAH,,ANRUTAU DURDINE CA NASYAVYAPADAH
VIKARAH,CIKITSAPACARAH,NASYAKARMA-CIKITSAPACARAH,,SNEHANANASYA-AYOGAH/HINAYOGAH
VIKARAH,CIKITSAPACARAH,NASYAKARMA-CIKITSAPACARAH,,SNEHANANASYA-ATIYOGAH
VIKARAH,CIKITSAPACARAH,NASYAKARMA-CIKITSAPACARAH,,SIROVIRECANANASYA-AYOGAH/HINAYOGAH
VIKARAH,CIKITSAPACARAH,NASYAKARMA-CIKITSAPACARAH,,SIROVIRECANANASYA-ATIYOGAH
VIKARAH,CIKITSAPACARAH,DHUMAPANA-APACARAH,,AKALADHUMAPANAH
VIKARAH,CIKITSAPACARAH,DHUMAPANA-APACARAH,,DHUMAPANA-AYOGAH
VIKARAH,CIKITSAPACARAH,DHUMAPANA-APACARAH,,DHUMAPANA-ATIYOGAH
VIKARAH,CIKITSAPACARAH,DHUMAPANA-APACARAH,,DHUMAPANAMITHYAYOGA
VIKARAH,CIKITSAPACARAH,KAVALA-CIKITSAPACARAH,,KAVALA-HINAYOGAH
VIKARAH,CIKITSAPACARAH,KAVALA-CIKITSAPACARAH,,KAVALA-ATIYOGAH
VIKARAH,CIKITSAPACARAH,ASCYOTANA-APACARAH,,ASCYOTANA-AYOGAH
VIKARAH,CIKITSAPACARAH,ASCYOTANA-APACARAH,,ASCYOTANA-ATIYOGAH
VIKARAH,CIKITSAPACARAH,ASCYOTANA-APACARAH,,ATISITA-ASCYOTANAH
VIKARAH,CIKITSAPACARAH,ASCYOTANA-APACARAH,,ATYUSHNATIKSHNA-ASCYOTANAH
VIKARAH,CIKITSAPACARAH,ASCYOTANA-APACARAH,,APARISRUTA-ASCYOTANAH
VIKARAH,CIKITSAPACARAH,ANAJANA-APACARAH,,ANJANA-MITHYAYOGAH
VIKARAH,CIKITSAPACARAH,ANAJANA-APACARAH,,ANJANATIYOGAH
VIKARAH,CIKITSAPACARAH,ANAJANA-APACARAH,,LEKHANANJANA-APACARAH
VIKARAH,CIKITSAPACARAH,ANAJANA-APACARAH,,LEKHANANJANA-AYOGAH
VIKARAH,CIKITSAPACARAH,ANAJANA-APACARAH,,LEKHANANJANA-ATIYOGAH
VIKARAH,CIKITSAPACARAH,ANAJANA-APACARAH,,PRASADANJANA-APACARAH
VIKARAH,CIKITSAPACARAH,ANAJANA-APACARAH,,PRASADANJANA-AYOGAH
VIKARAH,CIKITSAPACARAH,ANAJANA-APACARAH,,PRASADANANJANA-ATIYOGAH
VIKARAH,CIKITSAPACARAH,ANAJANA-APACARAH,,ROPANANJANA-APACARAH
VIKARAH,CIKITSAPACARAH,ANAJANA-APACARAH,,ROPANANJANA-AYOGAH
VIKARAH,CIKITSAPACARAH,ANAJANA-APACARAH,,ROPANANJANA-ATIYOGAH
VIKARAH,CIKITSAPACARAH,TARPANA-APACARAH,,TARPANA-HINAYOGAH
VIKARAH,CIKITSAPACARAH,TARPANA-APACARAH,,TARPANA-ATIYOGAH
VIKARAH,CIKITSAPACARAH,PUTAPAKA-APACARAH,,PUTAPAKA-HINAYOGAH
VIKARAH,CIKITSAPACARAH,PUTAPAKA-APACARAH,,PUTAPAKA-ATIYOGAH
VIKARAH,CIKITSAPACARAH,PARIHARAKALA-VYAPADAH/APARIHARASEVANA,,PARIHARAKALE UCCABASHYAM
VIKARAH,CIKITSAPACARAH,PARIHARAKALA-VYAPADAH/APARIHARASEVANA,,PARIHARAKALE RATHAKSHOBAH
VIKARAH,CIKITSAPACARAH,PARIHARAKALA-VYAPADAH/APARIHARASEVANA,,PARIHARAKALE ATICANKRAMANAM
VIKARAH,CIKITSAPACARAH,PARIHARAKALA-VYAPADAH/APARIHARASEVANA,,PARIHARAKALE ATI-ASANA
VIKARAH,CIKITSAPACARAH,PARIHARAKALA-VYAPADAH/APARIHARASEVANA,,PARIHARAKALE AJIRNADHYASANA
VIKARAH,CIKITSAPACARAH,PARIHARAKALA-VYAPADAH/APARIHARASEVANA,,PARIHARAKALE AHITABOJANAM
VIKARAH,CIKITSAPACARAH,PARIHARAKALA-VYAPADAH/APARIHARASEVANA,,PARIHARAKALE DIVASVAPNAH
VIKARAH,CIKITSAPACARAH,PARIHARAKALA-VYAPADAH/APARIHARASEVANA,,PARIHARAKALE MAITHUNAM
VIKARAH,CIKITSAPACARAH,SASTRAKARMA-APACARAH,,SASTRAKSHARAGNIVIBRAMA (ARSASAM)
VIKARAH,CIKITSAPACARAH,SASTRAKARMA-APACARAH,,KARNAVYADHAJANYAROGAH
VIKARAH,CIKITSAPACARAH,SASTRAKARMA-APACARAH,,KALIKA
VIKARAH,CIKITSAPACARAH,SASTRAKARMA-APACARAH,,MARMARIKA
VIKARAH,CIKITSAPACARAH,SASTRAKARMA-APACARAH,,LOHITIKA
VIKARAH,CIKITSAPACARAH,SASTRAKARMA-APACARAH,,KARNAVYADHAKALE SANDHANASYA AYOGAH
VIKARAH,CIKITSAPACARAH,SASTRAKARMA-APACARAH,,VATADUSHTARAKTAM
VIKARAH,CIKITSAPACARAH,SASTRAKARMA-APACARAH,,PITTADUSHTARAKTAKOPA
VIKARAH,CIKITSAPACARAH,SASTRAKARMA-APACARAH,,KAPADUSHTA-RAKTAH
VIKARAH,CIKITSAPACARAH,SASTRAKARMA-APACARAH,,ATIPRAVRUTTA-RAKTAH
VIKARAH,CIKITSAPACARAH,SASTRAKARMA-APACARAH,,ALPAPRAVRUTTA-RAKTAH
VIKARAH,CIKITSAPACARAH,SASTRAKARMA-APACARAH,,LINGANASA-MITHYAVEDHANAM
VIKARAH,CIKITSAPACARAH,SASTRAKARMA-APACARAH,,LEKHANA-ATIYOGAH
VIKARAH,CIKITSAPACARAH,SASTRAKARMA-APACARAH,,LEKHANA-AYOGAH
VIKARAH,CIKITSAPACARAH,KSHARA-KARMA-APACARAH,,KSHARA-VIBRAMAH
VIKARAH,CIKITSAPACARAH,KSHARA-KARMA-APACARAH,,KSHARAPANA-ATIYOGAH
VIKARAH,CIKITSAPACARAH,KSHARA-KARMA-APACARAH,,KSHARA-ATIDAGDHAH
VIKARAH,CIKITSAPACARAH,KSHARA-KARMA-APACARAH,,KSHARA-ATIDAGDHA-GUDAH
VIKARAH,CIKITSAPACARAH,KSHARA-KARMA-APACARAH,,KSHARA-ATIDAGDHA-NASA
VIKARAH,CIKITSAPACARAH,KSHARA-KARMA-APACARAH,,KSHARA-ATIDAGDHA-NETRAM
VIKARAH,CIKITSAPACARAH,KSHARA-KARMA-APACARAH,,KSHARA-ATIDAGDHA-SROTRAM
VIKARAH,CIKITSAPACARAH,KSHARA-KARMA-APACARAH,,KSHARA-HINADAGDHAH/DURDAGDHA
VIKARAH,CIKITSAPACARAH,AGNIKARMA-APACARAH,,AGNIVIBRAMA
VIKARAH,CIKITSAPACARAH,AGNIKARMA-APACARAH,,AGNI-ATIDAGDHAH
VIKARAH,CIKITSAPACARAH,AGNIKARMA-APACARAH,,ATIDAGDHA-NASA (AGNIKARMA)
VIKARAH,CIKITSAPACARAH,AGNIKARMA-APACARAH,,ATIDAGDHA-GUDA
VIKARAH,CIKITSAPACARAH,AGNIKARMA-APACARAH,,ATIDAGDHA-ARSAH
VIKARAH,CIKITSAPACARAH,AGNIKARMA-APACARAH,,DURDAGDHAM (AGNIKARMA)
VIKARAH,CIKITSAPACARAH,AGNIKARMA-APACARAH,,HINADAGDHA-ARSAH
VIKARAH,CIKITSAPACARAH,AGNIKARMA-APACARAH,,TUTTHADAGDHAH
VIKARAH,CIKITSAPACARAH,VRANA-APACARAH,,ABUDHNAVRANAH
VIKARAH,CIKITSAPACARAH,VRANA-APACARAH,,ADHYASANA-VRANAH
VIKARAH,CIKITSAPACARAH,VRANA-APACARAH,,AJIRNABOJANA-VRANAH
VIKARAH,CIKITSAPACARAH,VRANA-APACARAH,,ATIRUKSHAVRANAVARTI-UPAYOGAH
VIKARAH,CIKITSAPACARAH,VRANA-APACARAH,,ATISNIGDHAVRANAVARTI-UPAYOGAH
VIKARAH,CIKITSAPACARAH,VRANA-APACARAH,,GADHABANDHANA-VRANAH
Prakrutikah,SAMYAK-CIKITSA,,,SAMYAK-SNEHANAM
Prakrutikah,SAMYAK-CIKITSA,,,SAMYAK-SVEDANAM
Prakrutikah,SAMYAK-CIKITSA,,,SAMYAK-RUKSHANAM
Prakrutikah,SAMYAK-CIKITSA,,,SAMYAK-STAMBANAM
Prakrutikah,SAMYAK-CIKITSA,,,SAMYAK-LANGHANAM
Prakrutikah,SAMYAK-CIKITSA,,,SAMYAK-BRUMHANAM
Prakrutikah,SAMYAK-CIKITSA,,,SAMYAK-VAMANAM
Prakrutikah,SAMYAK-CIKITSA,,,SAMYAK-VIRECANAM
Prakrutikah,SAMYAK-CIKITSA,,,SAMYAK-BASTIH
Prakrutikah,SAMYAK-CIKITSA,,,SAMYAK-NIRUHABASTIH
Prakrutikah,SAMYAK-CIKITSA,,,SAMYAK-ANUVASANA-BASTIH
Prakrutikah,SAMYAK-CIKITSA,,,SAMYAK-NASYAM
Prakrutikah,SAMYAK-CIKITSA,,,SAMYAK-SNEHANA-NASYAM
Prakrutikah,SAMYAK-CIKITSA,,,SAMYAK-KAVALAH
Prakrutikah,SAMYAK-CIKITSA,,,SAMYAK-GANDUSHAH
Prakrutikah,SAMYAK-CIKITSA,,,SAMYAK-TARPANAM
Prakrutikah,SAMYAK-CIKITSA,,,SAMYAK-PUTAPAKAH
Prakrutikah,SAMYAK-CIKITSA,,,SAMYAK-ASCYOTANAH
Prakrutikah,SAMYAK-CIKITSA,,,SAMYAK-LEKHANANJANAM
Prakrutikah,SAMYAK-CIKITSA,,,SAMYAK-PRASADANJANA
Prakrutikah,SAMYAK-CIKITSA,,,SAMYAK-DHUMAPANAH
Prakrutikah,SAMYAK-CIKITSA,,,SAMYAK-RAKTAMOKSHANAM
Prakrutikah,SAMYAK-CIKITSA,,,SAMYAK-JALUKAVACARANAM
Prakrutikah,SAMYAK-CIKITSA,,,SAMYAK-AGNIKARMAH
Prakrutikah,SAMYAK-CIKITSA,,,SAMYAK-KSHARAKARMAH
Prakrutikah,SVABAVIKAH,PRAKRUTIH,,VATAPRAKRUTIH
Prakrutikah,SVABAVIKAH,PRAKRUTIH,,PITTAPRAKRUTIH
Prakrutikah,SVABAVIKAH,PRAKRUTIH,,KAPAPRAKRUTIH
Prakrutikah,SVABAVIKAH,PRAKRUTIH,,VATAPITTAPRAKRUTIH
Prakrutikah,SVABAVIKAH,PRAKRUTIH,,PITTAKAPAPRAKRUTIH
Prakrutikah,SVABAVIKAH,PRAKRUTIH,,KAPAVATAPRAKRUTIH
Prakrutikah,SVABAVIKAH,PRAKRUTIH,,TRIDOSHAJAPRAKRUTIH
Prakrutikah,SVABAVIKAH,PRAKRUTA-DOSHA-KARMAH,,AVIKRUTAVATA-KARMAH
Prakrutikah,SVABAVIKAH,PRAKRUTA-DOSHA-KARMAH,,AVIKRUTA-PITTAKARMAH
Prakrutikah,SVABAVIKAH,PRAKRUTA-DOSHA-KARMAH,,AVIKRUTA-KAPAKARMAH
Prakrutikah,SVABAVIKAH,PRAKRUTA-DHATU-KARMAH,,PRAKRUTA-RASAKARMAH
Prakrutikah,SVABAVIKAH,PRAKRUTA-DHATU-KARMAH,,PRAKRUTA-RAKTAKARMAH
Prakrutikah,SVABAVIKAH,PRAKRUTA-DHATU-KARMAH,,PRAKRUTA-MAMSAKARMAH
Prakrutikah,SVABAVIKAH,PRAKRUTA-DHATU-KARMAH,,PRAKRUTA-MEDOKARMAH
Prakrutikah,SVABAVIKAH,PRAKRUTA-DHATU-KARMAH,,PRAKRUTA-ASTHIKARMAH
Prakrutikah,SVABAVIKAH,PRAKRUTA-DHATU-KARMAH,,PRAKRUTA-MAJJAKARMAH
Prakrutikah,SVABAVIKAH,PRAKRUTA-DHATU-KARMAH,,SUDDHA-ARTAVAKARMAH
Prakrutikah,SVABAVIKAH,PRAKRUTA-DHATU-KARMAH,,SUDDHASUKRA-KARMAH
Prakrutikah,SVABAVIKAH,PRAKRUTA-DHATU-KARMAH,,AVIKRUTA-MUTRAKARMAH
Prakrutikah,SVABAVIKAH,PRAKRUTA-DHATU-KARMAH,,AVIKRUTAPURISHA-KARMAH
Prakrutikah,SVABAVIKAH,PRAKRUTA-DHATU-KARMAH,,SUDDHASTANYA-KARMAH
Prakrutikah,SVABAVIKAH,SARAH,,TVAKSARAH
Prakrutikah,SVABAVIKAH,SARAH,,RAKTASARAH
Prakrutikah,SVABAVIKAH,SARAH,,MAMSA-SARAH
Prakrutikah,SVABAVIKAH,SARAH,,MEDOSARAH
Prakrutikah,SVABAVIKAH,SARAH,,ASTHISARAH
Prakrutikah,SVABAVIKAH,SARAH,,MAJJASARAH
Prakrutikah,SVABAVIKAH,SARAH,,SUKRASARAH
Prakrutikah,SVABAVIKAH,SARAH,,OJOSARAH
Prakrutikah,SVABAVIKAH,SARAH,,SATTVASARAH
Prakrutikah,SVABAVIKAH,SARAH,,SARVASARAH
Prakrutikah,SVABAVIKAH,KAYAH,,SATVAKAYAH
Prakrutikah,SVABAVIKAH,KAYAH,,BRAHMAKAYAH
Prakrutikah,SVABAVIKAH,KAYAH,,MAHENDRAKAYAH
Prakrutikah,SVABAVIKAH,KAYAH,,VARUNAKAYAH
Prakrutikah,SVABAVIKAH,KAYAH,,KAUBERAKAYAH
Prakrutikah,SVABAVIKAH,KAYAH,,GANDHARVAKAYAH
Prakrutikah,SVABAVIKAH,KAYAH,,YAMYAKAYAH
Prakrutikah,SVABAVIKAH,KAYAH,,RUSHIKAYAH
Prakrutikah,SVABAVIKAH,KAYAH,,RAJASIKAKAYAH
Prakrutikah,SVABAVIKAH,KAYAH,,ASURAKAYAH
Prakrutikah,SVABAVIKAH,KAYAH,,SARPAKAYAH
Prakrutikah,SVABAVIKAH,KAYAH,,SAKUNIKAYAH
Prakrutikah,SVABAVIKAH,KAYAH,,RAKSHASAKAYAH
Prakrutikah,SVABAVIKAH,KAYAH,,PAISACAKAYAH
Prakrutikah,SVABAVIKAH,KAYAH,,PRETAKAYAH
Prakrutikah,SVABAVIKAH,KAYAH,,TAMASAKAYAH
Prakrutikah,SVABAVIKAH,KAYAH,,PASAVAKAYAH
Prakrutikah,SVABAVIKAH,KAYAH,,MATSYAKAYAH
Prakrutikah,SVABAVIKAH,KAYAH,,VANASPATYAKAYAH
Prakrutikah,SVABAVIKAH,VAYAH/KALAH,,RUTUKALAH-RUTUMATIH
Prakrutikah,SVABAVIKAH,VAYAH/KALAH,,VARDHAKYAM
Prakrutikah,SVABAVIKAH,VAYAH/KALAH,,MARANAM
Prakrutikah,SVABAVIKAH,GARBAH,,UPASTHITAGARBAH
Prakrutikah,SVABAVIKAH,GARBAH,,SADYOGARBAH
Prakrutikah,SVABAVIKAH,GARBAH,,VYAKTAGARBAH
Prakrutikah,SVABAVIKAH,GARBAH,,GARBAVRUDDHIH
Prakrutikah,SVABAVIKAH,GARBAH,,PRATHAMAMASA-GARBAH
Prakrutikah,SVABAVIKAH,GARBAH,,DVITIYAMASA-GARBAH
Prakrutikah,SVABAVIKAH,GARBAH,,TRUTIYAMASA-GARBAH
Prakrutikah,SVABAVIKAH,GARBAH,,CATURTHAMASA-GARBAH
Prakrutikah,SVABAVIKAH,GARBAH,,PANCAMAMASA-GARBAH
Prakrutikah,SVABAVIKAH,GARBAH,,SHASHTAMAMASA-GARBAH
Prakrutikah,SVABAVIKAH,GARBAH,,SAPTAMAMASA-GARBAH
Prakrutikah,SVABAVIKAH,GARBAH,,ASHTAMAMASA-GARBA:
Prakrutikah,SVABAVIKAH,GARBAH,,PRAJAYANI-PRAJANANAKALAH
Prakrutikah,SVABAVIKAH,GARBAH,,UPASTHITAPRASAVAH
Prakrutikah,SVABAVIKAH,GARBAH,,ASANNAPRASAVAH
Prakrutikah,SVABAVIKAH,GARBAH,,SUTIKA
Prakrutikah,SVABAVIKAH,PRAKRUTA-SARIRAVYAPARAH,,JIRNAHARAH
Prakrutikah,SVABAVIKAH,PRAKRUTA-SARIRAVYAPARAH,,PRAKRUTA-AVAYAVAH/ANGAM/INDRIYAM
Prakrutikah,SVABAVIKAH,PRAKRUTA-SARIRAVYAPARAH,,SRESHTHA-AVAYAVAH
Prakrutikah,SVABAVIKAH,PRAKRUTA-SARIRAVYAPARAH,,PRAKRUTA-VIHARAH
Prakrutikah,SVABAVIKAH,PRAKRUTA-SARIRAVYAPARAH,,VYAYAMAH
Prakrutikah,SVABAVIKAH,,,JVARAMOKSHAH
Prakrutikah,SVABAVIKAH,,,VIGATAJVARAH/MUKTAJVARAHVYADHI-VINISCAYAH
VIKARAH,DOSHAVAISHAMYAM,PITTAVIKARAH,NANATMAJAPITTAVIKARAH,HARIDRANETRA
VIKARAH,DOSHAVAISHAMYAM,PITTAVIKARAH,NANATMAJAPITTAVIKARAH,HARIDRAMUTRA
VIKARAH,DOSHAVAISHAMYAM,PITTAVIKARAH,NANATMAJAPITTAVIKARAH,HARIDRAVARCHA
VIKARAH,DOSHAVAISHAMYAM,VATAVYADHIH,NANATMAJAVATAVIKARAH,GRIVAHUNDANAM
VIKARAH,DOSHAVAISHAMYAM,SLESHMAVIKARAH,NANATMAJA-SLESHMAVIKARAH,SHVETAMUTRATVAM
VIKARAH,DOSHAVAISHAMYAM,SLESHMAVIKARAH,NANATMAJA-SLESHMAVIKARAH,SHVETANETRATVAM
VIKARAH,SROTOVAISHAMYAM,RAKTAVAHASROTOVIKARAH,,ROMAMTIKA
VIKARAH,DOSHAVAISHAMYAM,VATAVYADHIH,SAMANYAJAVATAVIKARAH,VIBANDHA
VIKARAH,SROTOVAISHAMYAM,MUTRAVAHASROTOVIKARAH,,VRIKKAROGA
VIKARAH,SROTOVAISHAMYAM,MUTRAVAHASROTOVIKARAH,,VRIKKAROGA-PURVARUPAM
VIKARAH,SROTOVAISHAMYAM,MUTRAVAHASROTOVIKARAH,,VRIKKAROGA-PURVARUPAM
